Book Title,Published Year,No of Reviews,Book Cover,Publisher,Price,Genre
Девочка с растрепанными волосами,2021,43,твердый переплет,Фолиант,2 025 ₸,Детская художественная литература
Гарри Поттер и Философский камень,2014,87,твердый переплет,Махаон,6 990 ₸,Детская художественная литература
Қазақ халық ертегілері,2021,17,твердый переплет,Фолиант,3 232 ₸,Детская художественная литература
Часодеи. Часовой ключ. Книга 1,2012,33,твердый переплет,Росмэн,4 853 ₸,Детская художественная литература
Гарри Поттер и Тайная комната,2022,31,твердый переплет,Махаон,6 398 ₸,Детская художественная литература
Мифы Древней Греции,2015,34,твердый переплет,Росмэн,1 390 ₸,Детская художественная литература
100 любимых сказок,2015,71,твердый переплет,Росмэн,6 542 ₸,Детская художественная литература
Гарри Поттер и узник Азкабана,2022,54,твердый переплет,Махаон,6 398 ₸,Детская художественная литература
«Летучий голландец». Знаменитые легенды,2021,2,твердый переплет,Росмэн,1 468 ₸,Детская художественная литература
Поллианна,2021,14,твердый переплет,Махаон,1 467 ₸,Детская художественная литература
Приключения Тома Сойера,2018,11,твердый переплет,Азбука,1 665 ₸,Детская художественная литература
Внеклассное чтение для 1 класса,2014,34,твердый переплет,Самовар,1 450 ₸,Детская художественная литература
1Приключения капитана Врунгеля,2021,20,твердый переплет,Росмэн,1 398 ₸,Детская художественная литература
Робинзон Крузо,2016,19,твердый переплет,Росмэн,1 580 ₸,Детская художественная литература
Сказки народов мира,2017,12,твердый переплет,Стрекоза,5 669 ₸,Детская художественная литература
Гарри Поттер. Комплект из 7 книг,2021,81,твердый переплет,Росмэн,42 500 ₸,Детская художественная литература
Гарри Поттер и Орден Феникса,2022,12,твердый переплет,Махаон,9 140 ₸,Детская художественная литература
Ночь перед Рождеством,2016,10,твердый переплет,Росмэн,1 468 ₸,Детская художественная литература
Большая новогодняя книга,2017,65,твердый переплет,Росмэн,3 112 ₸,Детская художественная литература
"Баранкин, будь человеком!",2019,7,твердый переплет,Росмэн,1 250 ₸,Детская художественная литература
Веселые рассказы о школьниках,2021,5,твердый переплет,Росмэн,1 398 ₸,Детская художественная литература
Энканто,2021,3,твердый переплет,Эксмодетство,2 683 ₸,Детская художественная литература
Остров сокровищ,2018,8,твердый переплет,Самовар,1 485 ₸,Детская художественная литература
Часодеи. Часовое имя. Книга 4,2012,12,твердый переплет,Росмэн,5 322 ₸,Детская художественная литература
Умная и знаменитая собачка Соня,2019,5,твердый переплет,Росмэн,1 468 ₸,Детская художественная литература
Двадцать тысяч лье под водой,2018,21,твердый переплет,Азбука,1 656 ₸,Детская художественная литература
Тимур и его команда,2021,11,твердый переплет,Росмэн,1 398 ₸,Детская художественная литература
Приключения Тома Сойера,2017,19,твердый переплет,Самовар,1 485 ₸,Детская художественная литература
Я и мой папа. Необитаемый остров,2020,7,твердый переплет,Стрекоза,6 982 ₸,Детская художественная литература
Щелкунчик и мышиный король,2011,4,твердый переплет,Самовар,1 395 ₸,Детская художественная литература
Часодеи. Часовая битва. Книга 6,2014,22,твердый переплет,Росмэн,5 322 ₸,Детская художественная литература
Гарри Поттер и Кубок Огня,2022,13,твердый переплет,Махаон,7 965 ₸,Детская художественная литература
Часодеи. Часограмма. Книга 5,2013,13,твердый переплет,Росмэн,5 322 ₸,Детская художественная литература
Мирабель. Капризный денёк,2022,^^^^^^,твердый переплет,Эксмодетство,3 009 ₸,Детская художественная литература
Путешествие Карандаша и Самоделкина,2017,15,твердый переплет,Росмэн,1 398 ₸,Детская художественная литература
Урфин Джюс и его деревянные солдаты,2016,6,твердый переплет,Росмэн,1 398 ₸,Детская художественная литература
Корней Чуковский детям,2016,5,твердый переплет,Самовар,1 692 ₸,Детская художественная литература
В стране вечных каникул,2019,5,твердый переплет,Росмэн,1 468 ₸,Детская художественная литература
Робинзон Крузо,2014,29,твердый переплет,Самовар,1 409 ₸,Детская художественная литература
Остров драконов,2018,10,твердый переплет,Фолиант,2 730 ₸,Детская художественная литература
Петтерсы. Дети океанов,2022,^^^^^^,твердый переплет,РИПОЛ классик,9 335 ₸,Детская художественная литература
Муму,2020,1,мягкая обложка,Азбука,1 116 ₸,Детская художественная литература
Волшебное слово,2016,15,твердый переплет,Росмэн,1 398 ₸,Детская художественная литература
Батырлар туралы ертегілер,2017,14,твердый переплет,Аруна,3 060 ₸,Детская художественная литература
Рассказы для детей,2022,17,твердый переплет,Росмэн,1 398 ₸,Детская художественная литература
Приключения Электроника,2021,9,твердый переплет,Росмэн,1 398 ₸,Детская художественная литература
Сказка о потерянном времени,2015,21,твердый переплет,Самовар,1 382 ₸,Детская художественная литература
Смешные рассказы,2012,16,твердый переплет,Самовар,1 485 ₸,Детская художественная литература
Былины,2015,11,твердый переплет,Росмэн,1 398 ₸,Детская художественная литература
"История о том как Финдус потерялся, когда был маленьким",2021,16,твердый переплет,Белая ворона (Albus corvus),6 178 ₸,Детская художественная литература
Школьные анекдоты,2020,11,твердый переплет,Самовар,1 485 ₸,Детская художественная литература
"Кыш, Двапортфеля и целая неделя",2019,6,твердый переплет,Росмэн,1 398 ₸,Детская художественная литература
Маугли,2022,13,твердый переплет,Росмэн,2 300 ₸,Детская художественная литература
"Котёнок Тучка, или Пушистое приключение",2022,^^^^^^,твердый переплет,Эксмодетство,1 926 ₸,Детская художественная литература
Каштанка. Рассказы,2021,7,твердый переплет,Росмэн,1 398 ₸,Детская художественная литература
Чук и Гек. Рассказы,2019,2,твердый переплет,Росмэн,1 398 ₸,Детская художественная литература
Мирабель. Бал с дракончиком,2022,2,твердый переплет,Эксмодетство,3 860 ₸,Детская художественная литература
В стране невыученных уроков,2009,12,твердый переплет,Самовар,1 409 ₸,Детская художественная литература
Воробьишко,2020,^^^^^^,мягкая обложка,Вакоша,735 ₸,Детская художественная литература
"Золотой ключик, или Приключения Буратино",2012,3,твердый переплет,Росмэн,3 112 ₸,Детская художественная литература
Лисья нора. Книга 1: роман,2020,43,мягкая обложка,Popcorn Books,4 090 ₸,Детская художественная литература
Благословение небожителей. Том 2,2022,15,твердый переплет,Комильфо,8 990 ₸,Детская художественная литература
Король Воронов,2020,21,мягкая обложка,Popcorn Books,4 690 ₸,Детская художественная литература
1984,2022,13,мягкая обложка,АСТ,1 890 ₸,Детская художественная литература
Демиан,2014,33,мягкая обложка,АСТ,1 990 ₸,Детская художественная литература
Невеста Ноября,2022,7,твердый переплет,Эксмо,3 790 ₸,Детская художественная литература
Плененный принц,2022,3,мягкая обложка,Popcorn Books,2 864 ₸,Детская художественная литература
"Там, где цветет полынь",2022,3,мягкая обложка,Popcorn Books,3 765 ₸,Детская художественная литература
Таймлесс. Рубиновая книга,2021,30,твердый переплет,Робинс,3 810 ₸,Детская художественная литература
Милые кости,2019,17,твердый переплет,Like Book,3 511 ₸,Детская художественная литература
Шестерка Атласа,2022,^^^^^^,твердый переплет,АСТ,4 890 ₸,Детская художественная литература
Гарри Поттер и Принц-полукровка,2022,16,твердый переплет,Махаон,6 990 ₸,Детская художественная литература
Земляноиды,2022,^^^^^^,мягкая обложка,Popcorn Books,2 745 ₸,Детская художественная литература
Лисья тень,2021,7,мягкая обложка,Popcorn Books,3 283 ₸,Детская художественная литература
Зов Ктулху,2015,6,мягкая обложка,Азбука,1 035 ₸,Детская художественная литература
Дом в лазурном море,2022,9,твердый переплет,Like Book,4 075 ₸,Детская художественная литература
Затерянный мир,2018,15,твердый переплет,Азбука,1 646 ₸,Детская художественная литература
Таймлесс. Сапфировая книга,2021,14,твердый переплет,Робинс,4 092 ₸,Детская художественная литература
Таймлесс. Изумрудная книга,2020,10,твердый переплет,Робинс,4 496 ₸,Детская художественная литература
Двадцать тысяч лье под водой,2018,23,твердый переплет,Азбука,1 656 ₸,Детская художественная литература
"Спи, Алиса",2022,^^^^^^,твердый переплет,Freedom,3 944 ₸,Детская художественная литература
Сага о Видящих. Книги 1 и 2. Королевский убийца,2017,8,твердый переплет,Азбука,8 589 ₸,Детская художественная литература
Мистер Вечный Канун. Уэлихолн,2022,^^^^^^,твердый переплет,Манн,5 995 ₸,Детская художественная литература
Эрагон. Книга 1,2020,20,твердый переплет,Росмэн,5 322 ₸,Детская художественная литература
Незримая жизнь Адди Ларю,2021,7,твердый переплет,Inspiria,4 772 ₸,Детская художественная литература
Дом странных детей,2016,78,твердый переплет,Клуб семейного досуга,7 900 ₸,Детская художественная литература
Атака на Титанов. Том 2 (Книги 3 и 4),2016,13,суперобложка,Азбука,6 884 ₸,Детская художественная литература
"Девушка, которая упала в море",2022,4,твердый переплет,Freedom,3 786 ₸,Детская художественная литература
Дикие,2020,4,мягкая обложка,Popcorn Books,3 147 ₸,Детская художественная литература
Прикосновение тьмы,2022,3,твердый переплет,Like Book,3 786 ₸,Детская художественная литература
Искра,2022,^^^^^^,твердый переплет,Freedom,4 339 ₸,Детская художественная литература
Воронята,2018,10,твердый переплет,Freedom,3 669 ₸,Детская художественная литература
Куплю жену. Дорого,2022,1,твердый переплет,Альфа-книга,6 896 ₸,Детская художественная литература
Боги Черной Лощины,2022,2,твердый переплет,Freedom,4 220 ₸,Детская художественная литература
Бесплодные земли,2012,5,твердый переплет,Астрель,3 392 ₸,Детская художественная литература
Сол,2021,1,мягкая обложка,Фолиант,3 286 ₸4 108 ₸,Детская художественная литература
Город Пустых. Побег из дома странных детей,2014,29,твердый переплет,Клуб семейного досуга,8 187 ₸,Детская художественная литература
Воздушный народ. Комплект из 3 книг,2022,^^^^^^,твердый переплет,Freedom,24 529 ₸,Детская художественная литература
Женщина с бумажными цветами,2021,3,мягкая обложка,Азбука-Аттикус,1 403 ₸,Детская художественная литература
Голос монстра,2022,^^^^^^,твердый переплет,Like Book,3 392 ₸,Детская художественная литература
Прикосновение разрушения,2022,^^^^^^,твердый переплет,Like Book,3 944 ₸,Детская художественная литература
Черный телефон,2022,^^^^^^,твердый переплет,Fanzon,4 063 ₸,Детская художественная литература
Царство призраков,2022,^^^^^^,твердый переплет,Freedom,4 339 ₸,Детская художественная литература
Механический принц. Книга вторая,2012,3,твердый переплет,РИПОЛ классик,3 095 ₸,Детская художественная литература
Страшные истории Сандайла,2022,^^^^^^,твердый переплет,Inspiria,3 669 ₸,Детская художественная литература
Наследница черного дракона,2021,4,твердый переплет,Клевер Медиа Групп,3 932 ₸,Детская художественная литература
"Вайолет, созданная из шипов",2022,^^^^^^,твердый переплет,Freedom,5 735 ₸,Детская художественная литература
Колесо Времени. Книга 9. Сердце зимы,2022,^^^^^^,твердый переплет,Азбука,8 764 ₸,Детская художественная литература
Королевство крыльев и руин,2021,2,суперобложка,Азбука,7 762 ₸,Детская художественная литература
Неукротимый шторм,2020,4,твердый переплет,Freedom,3 944 ₸,Детская художественная литература
Точка и линия на плоскости,2018,^^^^^^,мягкая обложка,АСТ,1 274 ₸,Искусство
Черный квадрат,2018,^^^^^^,мягкая обложка,АСТ,1 218 ₸,Искусство
Пейзажи и натюрморты,2015,^^^^^^,мягкая обложка,АСТ,1 827 ₸,Искусство
Загадочный океан. Рисунки для медитаций,2022,^^^^^^,мягкая обложка,АСТ,1 407 ₸,Искусство
Веселые лисята. Рисунки для медитаций,2022,^^^^^^,мягкая обложка,АСТ,1 407 ₸,Искусство
Удивительный сад. Рисунки для медитаций,2022,^^^^^^,мягкая обложка,АСТ,1 166 ₸,Искусство
Экспресс-курс по рисованию,2022,^^^^^^,мягкая обложка,АСТ,1 630 ₸,Искусство
Рисуем всё!,2017,^^^^^^,твердый переплет,АСТ,1 578 ₸,Искусство
Рисуем портреты детей,2017,^^^^^^,твердый переплет,АСТ,1 630 ₸,Искусство
Сияние,2014,23,твердый переплет,АСТ,3 122 ₸,Ужасы
Худеющий,2015,27,мягкая обложка,АСТ,1 633 ₸,Ужасы
Оно,2015,34,твердый переплет,Астрель,5 521 ₸,Ужасы
Кэрри,2013,19,твердый переплет,АСТ,2 990 ₸,Ужасы
Зеленая миля,2014,17,твердый переплет,АСТ,3 389 ₸,Ужасы
Бегущий человек,2015,18,мягкая обложка,АСТ,1 633 ₸,Ужасы
Ловец снов,2013,11,твердый переплет,АСТ,3 541 ₸,Ужасы
Мизери,2015,21,мягкая обложка,АСТ,1 752 ₸,Ужасы
Нужные вещи,2015,10,твердый переплет,АСТ,3 807 ₸,Ужасы
Кэрри,2017,8,мягкая обложка,АСТ,1 578 ₸,Ужасы
Игра Джералда,2016,8,мягкая обложка,АСТ,1 752 ₸,Ужасы
Зов Ктулху,2015,6,мягкая обложка,Азбука,1 035 ₸,Ужасы
Безнадега,2015,6,твердый переплет,АСТ,3 122 ₸,Ужасы
Извлечение троих,2015,6,мягкая обложка,АСТ,1 752 ₸,Ужасы
Роза Дьявола,2019,5,твердый переплет,АСТ,8 242 ₸,Ужасы
Ночная смена,2015,5,твердый переплет,АСТ,3 235 ₸,Ужасы
Оно,2014,5,твердый переплет,Астрель,7 308 ₸,Ужасы
Долорес Клейборн,2015,5,мягкая обложка,АСТ,1 578 ₸,Ужасы
Некрономикон. Книга запретных тайн,2020,5,мягкая обложка,АСТ,1 853 ₸,Ужасы
Сияние,2014,5,твердый переплет,АСТ,4 455 ₸,Ужасы
Сияние,2019,4,мягкая обложка,АСТ,2 083 ₸,Ужасы
Ветер сквозь замочную скважину,2015,4,твердый переплет,АСТ,2 741 ₸,Ужасы
Зов Ктулху,2020,4,твердый переплет,АСТ,1 445 ₸,Ужасы
"Извлечение троих: Из цикла ""Темная Башня""",2012,4,твердый переплет,Астрель,3 009 ₸,Ужасы
Бессонница,2014,4,твердый переплет,АСТ,3 541 ₸,Ужасы
Оно,2020,4,твердый переплет,АСТ,8 831 ₸,Ужасы
Сердца в Атлантиде,2014,4,твердый переплет,АСТ,3 122 ₸,Ужасы
Оно,2022,3,мягкая обложка,АСТ,3 164 ₸,Ужасы
Темная Башня. Ветер сквозь замочную скважину,2013,3,твердый переплет,АСТ,3 389 ₸,Ужасы
Ветер сквозь замочную скважину,2016,3,мягкая обложка,АСТ,1 578 ₸,Ужасы
Зов ночной птицы,2021,3,твердый переплет,Азбука,10 524 ₸,Ужасы
Лавка дурных снов,2016,3,твердый переплет,АСТ,4 720 ₸,Ужасы
Призрак дома на холме,2020,6,мягкая обложка,АСТ,1 691 ₸,Ужасы
Дракула,2021,6,твердый переплет,Эксмо,1 749 ₸,Ужасы
Алиса,2019,7,твердый переплет,АСТ,3 275 ₸,Ужасы
"Зов Ктулху. Повести, рассказы, сонеты",2021,3,твердый переплет,Иностранка,6 199 ₸,Ужасы
Кэрри,2020,5,мягкая обложка,АСТ,1 633 ₸,Ужасы
Команда скелетов,2017,2,твердый переплет,АСТ,3 511 ₸,Ужасы
Нужные вещи,2014,5,твердый переплет,Харвест,7 325 ₸,Ужасы
После заката,2015,2,твердый переплет,Астрель,3 009 ₸,Ужасы
Черный дом,2015,2,твердый переплет,АСТ,3 541 ₸,Ужасы
Стивен Кинг идет в кино,2019,2,твердый переплет,АСТ,3 541 ₸,Ужасы
Сверхъестественное. Неблагое дело,2018,2,твердый переплет,АСТ,2 589 ₸,Ужасы
Имаго,2019,2,твердый переплет,АСТ,3 389 ₸,Ужасы
Большая книга ужасов 84,2021,2,твердый переплет,Эксмо,2 857 ₸,Ужасы
Сеанс,2009,4,твердый переплет,Книжный клуб 36.6,2 586 ₸,Ужасы
Рождество Эркюля Пуаро,2020,4,мягкая обложка,Эксмо,1 581 ₸,Детектив
Десять негритят,2019,12,мягкая обложка,Эксмо,1 890 ₸,Детектив
Убийство в «Восточном экспрессе»,2022,10,мягкая обложка,Эксмо,1 990 ₸,Детектив
Отель с привидениями,2021,5,мягкая обложка,АСТ,1 507 ₸,Детектив
Убийства на улице Морг. Новеллы,2022,7,мягкая обложка,Азбука,1 314 ₸,Детектив
Щегол,2015,22,твердый переплет,Corpus,7 690 ₸,Детектив
Смерть на Ниле,2018,12,мягкая обложка,Эксмо,1 790 ₸,Детектив
Девушка в тумане,2018,12,мягкая обложка,Азбука,1 541 ₸,Детектив
Милые кости,2019,10,твердый переплет,Like Book,3 511 ₸,Детектив
Девушка в лабиринте,2020,6,мягкая обложка,Азбука,1 541 ₸,Детектив
Зов Кукушки,2021,11,мягкая обложка,Азбука,2 492 ₸,Детектив
Хирург,2021,14,мягкая обложка,Азбука,1 403 ₸,Детектив
Артур Конан Дойл. Полное собрание,2017,78,твердый переплет,Альфа-книга,14 648 ₸,Детектив
Игра Подсказчика,2021,5,мягкая обложка,Азбука,1 541 ₸,Детектив
Маленький друг,2015,1,твердый переплет,Corpus,6 586 ₸,Детектив
Осколки прошлого,2022,^^^^^^,твердый переплет,Inspiria,4 220 ₸,Детектив
Вниз по кроличьей норе,2022,2,твердый переплет,Inspiria,3 786 ₸,Детектив
Тайна Эдвина Друда,2021,5,мягкая обложка,Азбука,1 346 ₸,Детектив
Переломы,2018,2,мягкая обложка,Азбука,1 541 ₸,Детектив
Женщина с бумажными цветами,2021,3,мягкая обложка,Азбука-Аттикус,1 403 ₸,Детектив
Экспресс на 19,2022,^^^^^^,твердый переплет,Inspiria,4 581 ₸,Детектив
Теория зла,2022,5,мягкая обложка,Азбука-Аттикус,1 541 ₸,Детектив
Имя мне - Красный,2015,4,мягкая обложка,Азбука,1 759 ₸,Детектив
Дом у озера,2022,1,мягкая обложка,Азбука,1 622 ₸,Детектив
Другая миссис,2022,2,твердый переплет,Inspiria,4 232 ₸,Детектив
Убийство Роджера Экройда,2019,9,мягкая обложка,Эксмо,1 690 ₸,Детектив
Ночные твари,2022,2,твердый переплет,Inspiria,3 786 ₸,Детектив
Алмазная колесница,2022,1,суперобложка,Захаров,7 492 ₸,Детектив
Фантомная память,2019,^^^^^^,мягкая обложка,Азбука,1 541 ₸,Детектив
Сад костей,2018,1,мягкая обложка,Азбука-Аттикус,1 403 ₸,Детектив
Знаки судьбы,2022,1,твердый переплет,Inspiria,3 944 ₸,Детектив
Кто убил Оливию Коллинз?,2020,^^^^^^,твердый переплет,Аркадия,10 344 ₸,Детектив
Вторая сестра,2021,^^^^^^,твердый переплет,РИПОЛ классик,5 722 ₸,Детектив
Сломанные девочки,2020,^^^^^^,мягкая обложка,Синдбад,5 354 ₸,Детектив
Тараканы,2021,2,твердый переплет,Азбука,4 908 ₸,Детектив
Ривердейл. Книга 1. Накануне,2019,5,твердый переплет,Росмэн,4 456 ₸,Детектив
Ученик,2016,3,мягкая обложка,Азбука,1 403 ₸,Детектив
Турецкий гамбит,2022,1,твердый переплет,Захаров,5 456 ₸,Детектив
«Крысиный остров» и другие истории,2021,1,твердый переплет,Азбука,6 528 ₸,Детектив
Спаситель,2017,1,твердый переплет,Азбука,4 908 ₸,Детектив
Хранитель смерти,2018,2,мягкая обложка,Азбука-Аттикус,1 403 ₸,Детектив
Лихорадка,2021,2,мягкая обложка,Азбука,1 403 ₸,Детектив
Молчание костей,2022,^^^^^^,твердый переплет,Like Book,3 786 ₸,Детектив
По следам Землекопа,2021,^^^^^^,твердый переплет,Жибек Жолы,3 150 ₸,Детектив
О звере и фейри,2022,^^^^^^,твердый переплет,Freedom,3 944 ₸,Детектив
Снежная слепота,2022,^^^^^^,мягкая обложка,Азбука,1 784 ₸,Детектив
Немезида,2021,1,твердый переплет,Азбука,4 908 ₸,Детектив
Бесконечность,2022,1,твердый переплет,Inspiria,3 944 ₸,Детектив
Комната смерти,2022,^^^^^^,твердый переплет,Азбука,5 736 ₸,Детектив
Убийственно тихая жизнь,2020,3,мягкая обложка,Азбука,1 541 ₸,Детектив
Планета Вода,2021,10,твердый переплет,Захаров,7 095 ₸,Детектив
Я знаю тайну,2019,2,мягкая обложка,Азбука,1 403 ₸,Детектив
Клуб Мефисто,2008,^^^^^^,твердый переплет,Книжный клуб 36.6,2 766 ₸,Детектив
Сэди после смерти,2021,^^^^^^,твердый переплет,Феникс,4 290 ₸,Детектив
"Последнее, что он сказал мне",2022,^^^^^^,твердый переплет,Inspiria,3 669 ₸,Детектив
Шерлок Холмс хикаялары,2021,^^^^^^,твердый переплет,Общественный фонд «Мазмұндама»,4 200 ₸,Детектив
Незнакомцы в поезде,2022,^^^^^^,мягкая обложка,Азбука,1 541 ₸,Детектив
Карнавал смерти,2022,^^^^^^,твердый переплет,Inspiria,3 669 ₸,Детектив
Мерцание во тьме,2022,^^^^^^,твердый переплет,Inspiria,3 669 ₸,Детектив
Все до последнего страхи,2022,^^^^^^,твердый переплет,Inspiria,3 944 ₸,Детектив
Стихи и сказки для малышей,2012,2,твердый переплет,Росмэн,3 112 ₸,Сказки
Александр Пушкин. Сказки,2012,160,твердый переплет,Росмэн,3 112 ₸,Сказки
Маленький принц,2016,67,твердый переплет,Эксмо,1 890 ₸,Сказки
Все сказки Пушкина,2015,18,твердый переплет,Росмэн,4 740 ₸,Сказки
Мойдодыр,2022,14,мягкая обложка,Фламинго,273 ₸,Сказки
"Кот, петух и лиса",2010,10,мягкая обложка,Фламинго,208 ₸,Сказки
Айболит,2010,62,мягкая обложка,Фламинго,295 ₸,Сказки
"Крольчонок Люси, или Волшебная встреча",2015,77,твердый переплет,Эксмо,2 010 ₸,Сказки
Русские народные сказки,2012,22,твердый переплет,Росмэн,3 112 ₸,Сказки
Добрые сказки и стихи,2015,61,твердый переплет,Росмэн,3 112 ₸,Сказки
Сказки Х.К.Андерсена,2011,31,твердый переплет,Самовар,1 404 ₸,Сказки
Королевство кривых зеркал,2015,28,твердый переплет,Самовар,1 485 ₸,Сказки
Сказки на ночь для юных бунтарок,2018,12,твердый переплет,Эксмо,7 690 ₸,Сказки
Красная шапочка,2019,31,мягкая обложка,Фламинго,213 ₸,Сказки
Чудесные наклейки. Любимые сказки,2013,1,мягкая обложка,Мозаика-Синтез,1 940 ₸,Сказки
"Золотой ключик, или Приключения Буратино",2012,2,твердый переплет,Росмэн,3 112 ₸,Сказки
"Котёнок Белла, или Любопытный носик",2018,4,твердый переплет,Эксмо,1 913 ₸,Сказки
Оранжевая книга сказок. Я читаю по слогам: узнаю буквы и складываю их в слоги,2016,1,твердый переплет,Клевер Медиа Групп,3 503 ₸,Сказки
Русские сказки для малышей,2014,12,твердый переплет,Росмэн,3 112 ₸,Сказки
Новые сказки старого чердака,2020,10,твердый переплет,Фолиант,3 808 ₸,Сказки
"Мышонок Молли, или Ярмарка Чудес",2015,3,твердый переплет,Эксмо,2 010 ₸,Сказки
Маша и медведь,2010,22,мягкая обложка,Фламинго,234 ₸,Сказки
Волк и семеро козлят,2021,34,мягкая обложка,Фламинго,213 ₸,Сказки
Русалочка и другие сказки,2014,21,твердый переплет,Эксмо,901 ₸,Сказки
Репка,2021,20,мягкая обложка,Фламинго,213 ₸,Сказки
Страна Сказок. Том 3. Предостережение братьев Гримм,2017,20,суперобложка,АСТ,4 340 ₸,Сказки
Муха-Цокотуха,2010,10,мягкая обложка,Фламинго,293 ₸,Сказки
"Дядя Фёдор, пёс и кот и другие истории про Простоквашино",2016,31,твердый переплет,АСТ,2 010 ₸,Сказки
Необычайная лесная история,2018,29,твердый переплет,Фолиант,1 731 ₸,Сказки
Три медведя,2010,29,мягкая обложка,Фламинго,234 ₸,Сказки
Путаница,2010,18,мягкая обложка,Фламинго,293 ₸,Сказки
Котенок Шмяк,2015,29,твердый переплет,Клевер Медиа Групп,2 092 ₸,Сказки
"Лисичка Тыковка, или Лунный камень",2015,17,твердый переплет,Эксмо,2 010 ₸,Сказки
Домовенок Кузька,2021,11,твердый переплет,Росмэн,1 398 ₸,Сказки
"Золотой ключик, или Приключения Буратино",2021,12,твердый переплет,Росмэн,1 398 ₸,Сказки
Телефон,2010,7,мягкая обложка,Фламинго,271 ₸,Сказки
Сказки для малышей,2009,17,твердый переплет,Самовар,1 398 ₸,Сказки
Приключения Незнайки и его друзей,2013,17,твердый переплет,Махаон,5 291 ₸,Сказки
Приключения Алисы в Стране Чудес,2016,17,твердый переплет,Лабиринт,3 493 ₸,Сказки
Сказки на ночь,2021,23,твердый переплет,Махаон,3 474 ₸,Сказки
Страна Сказок. Возвращение Колдуньи,2016,11,суперобложка,АСТ,4 340 ₸,Сказки
Тараканище,2021,16,мягкая обложка,Фламинго,270 ₸,Сказки
"Котёнок Амелия, или Колокольчик-невидимка",2016,10,твердый переплет,Эксмо,2 010 ₸,Сказки
Приключения Чиполлино,2015,16,твердый переплет,Эксмо,4 220 ₸,Сказки
Я больше так не буду,2020,15,твердый переплет,Стрекоза,4 899 ₸,Сказки
В Стране невыученных уроков,2011,23,твердый переплет,Самовар,1 385 ₸,Сказки
"Это грузовик, а это прицеп",2015,15,твердый переплет,Росмэн,2 751 ₸,Сказки
Сказки,2021,12,твердый переплет,Росмэн,1 223 ₸,Сказки
Мэри Поппинс,2021,14,твердый переплет,Росмэн,1 385 ₸,Сказки
"Синяя книга сказок. Я читаю по слогам: складываю буквы в слоги, а слоги - в слова",2016,14,твердый переплет,Клевер Медиа Групп,3 504 ₸,Сказки
Три цвета волшебства,2018,14,твердый переплет,Эксмо,2 390 ₸,Сказки
"Щенок Поппи, или Сонные чары",2016,14,твердый переплет,Эксмо,2 010 ₸,Сказки
"Утенок Элли, или Украденный праздник",2015,14,твердый переплет,Эксмо,2 010 ₸,Сказки
Ганс Христиан Андерсен,2014,2,твердый переплет,Альфа-книга,13 498 ₸,Сказки
Все о Мэри Поппинс,2008,12,твердый переплет,Росмэн,8 186 ₸,Сказки
"Спокойной ночи, Шмяк!",2015,14,твердый переплет,Клевер Медиа Групп,1 646 ₸,Сказки
Очень необычная фея,2019,13,твердый переплет,Эксмо,3 674 ₸,Сказки
Урфин Джюс и его деревянные солдаты,2013,1,твердый переплет,Эксмo,5 167 ₸,Сказки
Жили-были ежики,2011,13,твердый переплет,Самовар,1 392 ₸,Сказки
Атомные привычки,2022,36,твердый переплет,Прогресс книга,7 720 ₸,Личная эффективность
Важные годы. Почему не стоит откладывать жизнь на потом,2022,9,мягкая обложка,Манн,3 019 ₸,Личная эффективность
Твои границы,2021,3,твердый переплет,Манн,6 336 ₸,Личная эффективность
Путь к финансовой свободе,2021,5,мягкая обложка,Попурри,6 147 ₸,Личная эффективность
Магия утра,2018,170,твердый переплет,Манн,6 506 ₸,Личная эффективность
Думай как математик,2022,11,твердый переплет,Альпина Паблишер,5 290 ₸,Личная эффективность
Тонкое искусство пофигизма,2022,170,мягкая обложка,Альпина Паблишер,4 190 ₸,Личная эффективность
Думай и богатей,2022,168,мягкая обложка,Попурри,2 590 ₸,Личная эффективность
Метод кайдзен,2021,15,мягкая обложка,Альпина Паблишер,2 190 ₸,Личная эффективность
Сила позитивного мышления,2018,3,мягкая обложка,Попурри,3 401 ₸,Личная эффективность
Цель. Процесс непрерывного улучшения,2022,9,твердый переплет,Попурри,9 990 ₸,Личная эффективность
Сценарии жизни людей,206,12,мягкая обложка,Питер,3 293 ₸,Личная эффективность
Самый богатый человек в Вавилоне,2021,69,твердый переплет,Попурри,3 790 ₸,Личная эффективность
Нейромаркетинг. Как влиять на подсознание потребителя,2022,3,твердый переплет,Попурри,6 240 ₸,Личная эффективность
Поток: Психология оптимального переживания,2020,13,твердый переплет,Альпина нон-фикшн,6 824 ₸,Личная эффективность
К черту все! Берись и делай!,2017,13,твердый переплет,Манн,8 970 ₸,Личная эффективность
Запомни это. Книга-тренинг,2022,^^^^^^,твердый переплет,Манн,5 145 ₸,Личная эффективность
Воля к смыслу,2022,5,твердый переплет,Альпина нон-фикшн,6 655 ₸,Личная эффективность
Цели и решения,2022,5,мягкая обложка,Попурри,2 685 ₸,Личная эффективность
Семь навыков высокоэффективных людей,2022,62,твердый переплет,Альпина Паблишер,5 590 ₸,Личная эффективность
Мастер времени,2022,7,интегральный переплет,Попурри,4 352 ₸,Личная эффективность
"Безграничная память. Запоминай быстро, помни долго",2022,2,мягкая обложка,Питер,3 006 ₸,Личная эффективность
Как привлекать деньги,2013,2,мягкая обложка,Попурри,1 091 ₸,Личная эффективность
Быстрый ум. Как забывать лишнее и помнить нужное,2022,3,мягкая обложка,Альпина нон-фикшн,3 059 ₸,Личная эффективность
Мой блокнот. Икигай,2022,8,мягкая обложка,Попурри,2 264 ₸,Личная эффективность
Гений общения. Как им стать?,2021,3,мягкая обложка,Питер,3 006 ₸,Личная эффективность
Магия утра для финансовой свободы,2019,5,твердый переплет,Манн,7 440 ₸,Личная эффективность
Продай себя дорого,2022,^^^^^^,твердый переплет,Попурри,5 355 ₸,Личная эффективность
"Ясно, понятно. Как доносить мысли и убеждать",2020,5,мягкая обложка,Альпина Паблишер,6 890 ₸,Личная эффективность
45 татуировок менеджера,2019,29,твердый переплет,Манн,8 673 ₸,Личная эффективность
Рисовый штурм и еще 21 способ мыслить нестандартно,2017,16,мягкая обложка,Манн,9 251 ₸,Личная эффективность
Законы победителей,2022,10,твердый переплет,Попурри,7 308 ₸,Личная эффективность
Икигай для юных путешественников по жизни,2022,^^^^^^,твердый переплет,Эксмодетство,3 669 ₸,Личная эффективность
Жаңа өмірге мотивация,2021,^^^^^^,интегральный переплет,Дария баспасы,2 001 ₸,Личная эффективность
Я манипулирую тобой,2020,8,мягкая обложка,Альпина Паблишер,6 011 ₸,Личная эффективность
Сделай свой мозг счастливым!,2021,^^^^^^,мягкая обложка,Капитал,1 727 ₸,Личная эффективность
Самый богатый человек в Вавилоне,2021,5,твердый переплет,Попурри,4 990 ₸,Личная эффективность
Почему отличники работают на троечников,2020,3,твердый переплет,Попурри,5 525 ₸,Личная эффективность
Супермозг. Лучшие стратегии обучения,2021,^^^^^^,интегральный переплет,Попурри,5 757 ₸,Личная эффективность
Миллионер за минуту,2018,1,твердый переплет,Попурри,10 293 ₸,Личная эффективность
"Почему вы глупы, больны и бедны",2018,4,мягкая обложка,Диля,4 021 ₸,Личная эффективность
Воспитай в себе лидера 2.0,2020,^^^^^^,интегральный переплет,Попурри,4 685 ₸,Личная эффективность
Ты — сама себе психолог,2022,^^^^^^,мягкая обложка,Бомбора,3 190 ₸,Личная эффективность
Чистый лист. Природа человека,2021,^^^^^^,суперобложка,Альпина нон-фикшн,7 230 ₸,Личная эффективность
Ментальная алхимия,2020,^^^^^^,интегральный переплет,Попурри,5 975 ₸,Личная эффективность
Продай себя дорого,2020,3,интегральный переплет,Попурри,4 390 ₸,Личная эффективность
Законы победителей,2020,2,интегральный переплет,Попурри,6 101 ₸,Личная эффективность
Почему мы любим. Природа и химия,2022,2,мягкая обложка,Альпина нон-фикшн,3 059 ₸,Личная эффективность
"Другая книга, которой нет",2019,11,интегральный переплет,Питер,2 933 ₸,Личная эффективность
Никогда не ешьте в одиночку,2019,22,твердый переплет,Манн,11 564 ₸,Личная эффективность
7 навыков высокоэффективных людей,2022,13,суперобложка,Альпина Паблишер,2 690 ₸,Личная эффективность
Деньги идут женщинам на пользу,2020,^^^^^^,твердый переплет,Попурри,6 962 ₸,Личная эффективность
Интерфакс. Технология новостей,2022,^^^^^^,мягкая обложка,Альпина ПРО,6 824 ₸,Личная эффективность
Жылдам оқы,2020,^^^^^^,интегральный переплет,Самға,2 502 ₸,Личная эффективность
"Ешь, двигайся, спи",2022,3,мягкая обложка,Альпина Паблишер,2 295 ₸,Личная эффективность
"План лидерства, или Как стать первым в своем деле",2021,1,интегральный переплет,Попурри,2 451 ₸,Личная эффективность
Дар. 12 ключей к внутреннему освобождению и обретению себя,2022,^^^^^^,мягкая обложка,Манн,3 700 ₸,Личная эффективность
"Привычки, ведущие к успеху",2022,^^^^^^,мягкая обложка,Питер,3 006 ₸,Личная эффективность
Я буду зарабатывать больше!,2022,^^^^^^,мягкая обложка,Попурри,4 409 ₸,Личная эффективность
Добейся успеха с помощью позитивного мировосприятия,2013,1,твердый переплет,Попурри,4 988 ₸,Личная эффективность
Счастливые шаги под дождем,2022,12,твердый переплет,Иностранка,4 662 ₸,Романы
Цветы для Элджернона,2012,31,суперобложка,Домино,2 840 ₸,Романы
Среди тысячи лиц,2017,41,твердый переплет,Эксмо,3 590 ₸,Романы
"Артур, Луи и Адель",2020,17,твердый переплет,Клевер Медиа Групп,3 520 ₸,Романы
Назови меня своим именем,2019,20,мягкая обложка,Popcorn Books,4 904 ₸,Романы
На Западном фронте без перемен,2015,17,мягкая обложка,АСТ,1 890 ₸,Романы
Великий Гэтсби,2015,16,мягкая обложка,АСТ,1 617 ₸,Романы
Потому что я тебя люблю,2018,11,мягкая обложка,Эксмо,1 578 ₸,Романы
Овод,2014,9,мягкая обложка,АСТ,1 456 ₸,Романы
Спаси себя. Книга 2,2022,9,твердый переплет,Like Book,3 654 ₸,Романы
Пятьдесят оттенков серого,2017,9,мягкая обложка,Эксмо,2 193 ₸,Романы
"Человек, который смеется",2022,9,мягкая обложка,АСТ,1 690 ₸,Романы
Гордость и предубеждение,2011,8,мягкая обложка,Азбука-Аттикус,1 690 ₸,Романы
Наследница черного дракона,2021,8,твердый переплет,Клевер Медиа Групп,3 941 ₸,Романы
Пятьдесят оттенков серого,2017,8,мягкая обложка,Эксмо,2 010 ₸,Романы
Унесенные ветром. Том 1,2017,8,мягкая обложка,Эксмо,2 010 ₸,Романы
Амур-батюшка,2022,8,твердый переплет,Вече,4 802 ₸,Романы
После,2019,10,твердый переплет,Эксмо,4 190 ₸,Романы
Сестры ночи,2017,22,суперобложка,Эксмо,3 541 ₸,Романы
Вероника решает умереть,2015,8,мягкая обложка,АСТ,2 193 ₸,Романы
Гордость и предубеждение,2019,7,твердый переплет,Эксмо,2 548 ₸,Романы
Мой парень — блогер,2019,7,мягкая обложка,Эксмо,479 ₸,Романы
Алхимик,2019,7,твердый переплет,АСТ,3 541 ₸,Романы
Лучшее во мне,2018,7,твердый переплет,АСТ,2 589 ₸,Романы
Жизнь,2016,7,мягкая обложка,Азбука,1 173 ₸,Романы
"Я говорил, что люблю тебя?",2018,9,мягкая обложка,Эксмо,2 332 ₸,Романы
После ссоры,2015,19,твердый переплет,Эксмо,3 807 ₸,Романы
Код да Винчи,2016,13,мягкая обложка,АСТ,2 190 ₸,Романы
"Всем парням, которых я любила",2017,12,твердый переплет,АСТ,2 958 ₸,Романы
Искра жизни,2015,7,мягкая обложка,АСТ,2 083 ₸,Романы
Из песка и пепла,2020,7,мягкая обложка,Клевер Медиа Групп,3 543 ₸,Романы
Незнакомка из Уайлдфелл-Холла,2017,7,мягкая обложка,АСТ,1 578 ₸,Романы
#НенавистьЛюбовь. Книга вторая,2019,7,мягкая обложка,Клевер Медиа Групп,4 223 ₸,Романы
Босиком по траве,2019,7,мягкая обложка,Клевер Медиа Групп,3 272 ₸,Романы
Грей. Кристиан Грей о пятидесяти оттенках,2015,18,твердый переплет,Эксмо,647 ₸,Романы
Спаси меня. Книга 1,2021,18,твердый переплет,Like Book,3 944 ₸,Романы
Одиннадцать минут,2015,11,мягкая обложка,АСТ,2 309 ₸,Романы
Свет между нами,2021,6,твердый переплет,Freedom,3 654 ₸,Романы
Узорный покров,2016,6,мягкая обложка,АСТ,1 814 ₸,Романы
"Жизнь взаймы, или У неба любимчиков нет",2018,6,твердый переплет,АСТ,3 313 ₸,Романы
Моя кузина Рейчел,2016,6,мягкая обложка,Азбука,1 553 ₸,Романы
По ком звонит колокол,2016,6,мягкая обложка,АСТ,2 065 ₸,Романы
Граф Монте-Кристо. Комплект из 2 книг,2020,6,твердый переплет,Эксмо,4 988 ₸,Романы
Спаси нас. Книга 3,2021,6,твердый переплет,Like Book,3 654 ₸,Романы
Поющие в терновнике,2017,6,твердый переплет,АСТ,3 511 ₸,Романы
Повесть о двух городах,2010,5,мягкая обложка,Азбука,1 346 ₸,Романы
Мой идеальный смерч,2020,5,твердый переплет,АСТ,3 511 ₸,Романы
Заткнись и улыбнись,2021,5,мягкая обложка,АСТ,1 263 ₸,Романы
Все твои совершенства,2022,5,твердый переплет,Эксмо,3 690 ₸,Романы
Мечта для нас,2019,5,твердый переплет,Freedom,3 275 ₸,Романы
После..,2016,5,мягкая обложка,Эксмо,1 523 ₸,Романы
Со всей дури,2017,5,мягкая обложка,АСТ,1 334 ₸,Романы
Благословение небожителей. Том 1,2021,1,твердый переплет,Комильфо,8 990 ₸,Фантастика
Шестерка воронов,2018,91,твердый переплет,АСТ,4 190 ₸,Фантастика
Злой король,2019,30,твердый переплет,Freedom,4 090 ₸,Фантастика
Лисья нора. Книга 1: роман,2020,30,мягкая обложка,Popcorn Books,4 090 ₸,Фантастика
Кричащая лестница,2014,28,твердый переплет,Эксмо,3 122 ₸,Фантастика
Warcraft. Варкрафт: Хроники. Энциклопедия. Том 1,2017,17,твердый переплет,АСТ,10 545 ₸,Фантастика
Штурм и буря,2018,21,твердый переплет,АСТ,3 389 ₸,Фантастика
Жестокий принц,2018,35,твердый переплет,Freedom,4 490 ₸,Фантастика
Неночь,2018,17,твердый переплет,АСТ,4 890 ₸,Фантастика
Мара и Морок,2020,12,твердый переплет,Эксмо,3 669 ₸,Фантастика
Проклятие Джека-фонаря,2019,14,твердый переплет,Эксмо,3 944 ₸,Фантастика
Творец Заклинаний,2018,17,твердый переплет,Эксмо,3 275 ₸,Фантастика
Солнце полуночи,2021,16,твердый переплет,АСТ,6 586 ₸,Фантастика
Змей и голубка,2020,16,твердый переплет,АСТ,4 607 ₸,Фантастика
Сильмариллион,2015,15,твердый переплет,АСТ,11 115 ₸,Фантастика
Мара и Морок. 500 лет назад,2021,16,твердый переплет,Эксмо,4 574 ₸,Фантастика
Игра престолов,2019,14,твердый переплет,АСТ,4 220 ₸,Фантастика
Одна истинная королева. Книга 1,2020,14,твердый переплет,Эксмо,4 188 ₸,Фантастика
Кваzи,2016,15,твердый переплет,АСТ,3 923 ₸,Фантастика
"Мор, ученик Смерти",2013,7,твердый переплет,Эксмo,3 669 ₸,Фантастика
Тень и кость,2018,28,твердый переплет,АСТ,3 490 ₸,Фантастика
Золушка,2022,22,твердый переплет,АСТ,3 235 ₸,Фантастика
Похититель детей,2018,13,суперобложка,АСТ,6 054 ₸,Фантастика
Сильмариллион,2016,13,твердый переплет,АСТ,2 958 ₸,Фантастика
"Хоббит, или туда и обратно",2019,13,твердый переплет,АСТ,7 308 ₸,Фантастика
Шепчущий череп,2015,12,твердый переплет,Эксмо,3 235 ₸,Фантастика
Warcraft. Варкрафт. Хроники. Энциклопедия. Том 3,2018,12,твердый переплет,АСТ,10 923 ₸,Фантастика
Пещера,2012,12,мягкая обложка,Эксмо,1 578 ₸,Фантастика
Битва королей.Харв,2018,11,твердый переплет,АСТ,7 256 ₸,Фантастика
Кровь эльфов,2021,11,твердый переплет,АСТ,3 235 ₸,Фантастика
Цвет волшебства,2012,11,твердый переплет,Эксмо,3 541 ₸,Фантастика
Принцесса пепла,2018,12,твердый переплет,Freedom,3 690 ₸,Фантастика
Танец с драконами. Искры над пеплом,2014,18,твердый переплет,АСТ,3 990 ₸,Фантастика
Последнее желание. Меч предназначения,2020,11,твердый переплет,АСТ,4 075 ₸,Фантастика
Таймлесс. Изумрудная книга,2020,10,твердый переплет,Робинс,4 496 ₸,Фантастика
Сильмариллион,2016,10,мягкая обложка,АСТ,1 980 ₸,Фантастика
Бронзовый ключ,2016,10,твердый переплет,Эксмо,3 392 ₸,Фантастика
Хроники Нарнии,2017,10,твердый переплет,Эксмо,3 389 ₸,Фантастика
Ведьмак. Последнее желание,2017,10,твердый переплет,АСТ,6 663 ₸,Фантастика
Гарри Поттер и Принц-полукровка,2022,16,твердый переплет,Махаон,6 990 ₸,Фантастика
Меч Предназначения,2012,21,твердый переплет,АСТ,3 775 ₸,Фантастика
Цири,2013,9,твердый переплет,АСТ,10 017 ₸,Фантастика
Страж,2010,9,твердый переплет,Армада,7 332 ₸,Фантастика
Благословение небожителей. Том 2,2022,15,твердый переплет,Комильфо,8 990 ₸,Фантастика
Из крови и пепла,2021,9,твердый переплет,АСТ,4 772 ₸,Фантастика
Сильмариллион,2018,9,твердый переплет,АСТ,7 652 ₸,Фантастика
Эрагон. Книга 1,2019,20,твердый переплет,Росмэн,5 322 ₸,Фантастика
Мара и Морок. Особенная Тень,2020,22,твердый переплет,Эксмо,4 571 ₸,Фантастика
"Вилка, Ведьма и Дракон",2019,9,твердый переплет,Росмэн,4 916 ₸,Фантастика
Эрагон. Возвращение. Книга 2,2010,8,твердый переплет,Росмэн,5 322 ₸,Фантастика
Наследница черного дракона,2021,8,твердый переплет,Клевер Медиа Групп,3 941 ₸,Фантастика
Книга Пыли. Прекрасная дикарка,2018,8,твердый переплет,АСТ,5 325 ₸,Фантастика
Орудия смерти. Город костей,2018,8,твердый переплет,АСТ,4 497 ₸,Фантастика
Рыцарь Семи Королевств,2013,8,твердый переплет,АСТ,4 614 ₸,Фантастика
Девочка с серебряными глазами,2019,8,твердый переплет,Эксмо,2 683 ₸,Фантастика
Правление волков,2021,8,твердый переплет,АСТ,3 944 ₸,Фантастика
Потерянный мальчишка. Подлинная история капитана Крюка,2019,8,твердый переплет,АСТ,3 275 ₸,Фантастика
Леди Дым,2019,8,твердый переплет,Freedom,4 340 ₸,Фантастика
Эрагон. Брисингр. Книга 3,2009,8,твердый переплет,Росмэн,5 322 ₸,Фантастика
Невеста Ноября,2022,7,твердый переплет,Эксмо,3 790 ₸,Фантастика
Письма Баламута. Баламут предлагает тост,2018,7,мягкая обложка,АСТ,1 633 ₸,Фантастика
Амулет Самарканда,2017,7,твердый переплет,Эксмо,3 807 ₸,Фантастика
Возрождение,2015,7,твердый переплет,АСТ,3 389 ₸,Фантастика
Бессмертное пламя,2019,7,твердый переплет,Эксмо,3 807 ₸,Фантастика
Телохранитель для демона,2016,7,твердый переплет,Эксмо,3 275 ₸,Фантастика
Большая телега,2009,7,твердый переплет,ТИД Амфора,3 667 ₸,Фантастика
Как король Эльфхейма научился ненавидеть истории,2021,7,твердый переплет,Freedom,5 995 ₸,Фантастика
Рыцарь Семи Королевств,2015,11,твердый переплет,АСТ,3 235 ₸,Фантастика
Красная Шапочка,2020,11,твердый переплет,АСТ,3 392 ₸,Фантастика
Болотница,2019,7,твердый переплет,Росмэн,4 916 ₸,Фантастика
Морфо,2021,6,твердый переплет,Эксмо,3 511 ₸,Фантастика
Маленькая злая книга. Специальное издание,2021,6,твердый переплет,Эксмо,3 090 ₸,Фантастика
Искушение,2021,6,твердый переплет,Like Book,4 497 ₸,Фантастика
Властелин колец. Хранители кольца,2016,6,мягкая обложка,АСТ,2 083 ₸,Фантастика
"Мор, ученик Смерти",2019,6,мягкая обложка,Эксмо,1 507 ₸,Фантастика
Кровь эльфов. Час презрения,2020,6,твердый переплет,АСТ,4 941 ₸,Фантастика
Баллада о змеях и певчих птицах,2020,6,твердый переплет,АСТ,3 511 ₸,Фантастика
Безумная звезда,2020,6,твердый переплет,Эксмо,4 063 ₸,Фантастика
Битва королей,2019,6,твердый переплет,АСТ,3 923 ₸,Фантастика
Проклятие одиночества и тьмы,2019,6,твердый переплет,Freedom,3 807 ₸,Фантастика
Дети Хурина,2014,6,твердый переплет,АСТ,2 461 ₸,Фантастика
Властелин Колец,2015,6,твердый переплет,АСТ,8 831 ₸,Фантастика
Алая королева,2019,13,твердый переплет,Freedom,4 340 ₸,Фантастика
Властелин колец,2016,10,твердый переплет,АСТ,8 261 ₸,Фантастика
Роза Дьявола,2019,5,твердый переплет,АСТ,8 242 ₸,Фантастика
Звезды над нами,2022,5,твердый переплет,АСТ,3 235 ₸,Фантастика
Глаза дракона,2019,5,твердый переплет,АСТ,2 461 ₸,Фантастика
Властелин колец,2019,5,твердый переплет,АСТ,9 974 ₸,Фантастика
Царство проклятых,2022,5,твердый переплет,АСТ,5 190 ₸,Фантастика
Волшебник Земноморья,2021,5,твердый переплет,Азбука,7 399 ₸,Фантастика
Пятнадцать жизней Гарри Огаста,2016,5,твердый переплет,АСТ,2 857 ₸,Фантастика
Долина драконов. Книга 1. Магическая Практика,2018,5,твердый переплет,Эксмо,3 275 ₸,Фантастика
Долина драконов. Книга 3. Магическая сделка,2018,5,твердый переплет,Эксмо,3 275 ₸,Фантастика
Рапунцель,2021,12,твердый переплет,АСТ,3 511 ₸,Фантастика
Фантастические твари и где они обитают,2021,12,суперобложка,Махаон,6 695 ₸,Фантастика
Пламя и кровь: Пляска смерти,2019,9,твердый переплет,АСТ,6 596 ₸,Фантастика
Шестой Дозор,2014,16,твердый переплет,АСТ,3 392 ₸,Фантастика
Хроники Амбера,2020,15,твердый переплет,Эксмо,9 150 ₸,Фантастика
Хоббит,2014,9,мягкая обложка,АСТ,1 814 ₸,Фантастика
Дом соли и печали,2019,8,твердый переплет,Клевер Медиа Групп,3 903 ₸,Фантастика
Первый Закон. Кровь и железо,2017,5,суперобложка,Fanzon,5 481 ₸,Фантастика
Жажда,2020,5,твердый переплет,Ульяновский Дом Печати,4 497 ₸,Фантастика
Возвращение короля,2019,5,твердый переплет,АСТ,7 957 ₸,Фантастика
Башня ласточки,2013,5,твердый переплет,АСТ,3 392 ₸,Фантастика
Дозоры. От Ночного до Шестого,2015,5,твердый переплет,АСТ,14 541 ₸,Фантастика
Сильмариллион,2019,5,мягкая обложка,АСТ,1 913 ₸,Фантастика
Буря времен года,2020,5,твердый переплет,Эксмо,4 075 ₸,Фантастика
Час Презрения,2020,5,твердый переплет,АСТ,3 122 ₸,Фантастика
Буря мечей. Пир стервятников,2012,5,твердый переплет,Астрель,11 115 ₸,Фантастика
Нейромаркетинг. Как влиять на подсознание потребителя,2022,3,твердый переплет,Попурри,6 240 ₸,Маркетинг
Маркетинг от А до Я,2022,5,твердый переплет,Альпина Паблишер,5 190 ₸,Маркетинг
"Пиши, сокращай. Как создавать сильный текст",2021,85,мягкая обложка,Альпина Паблишер,6 590 ₸,Маркетинг
Отличайся! Личный бренд — оружие массового впечатления,2020,2,твердый переплет,Питер,4 630 ₸,Маркетинг
История на миллион долларов,2021,7,мягкая обложка,Альпина нон-фикшн,8 003 ₸,Маркетинг
Самый великий торговец в мире,2022,1,интегральный переплет,Попурри,3 380 ₸,Маркетинг
Копирайтинг. Как не съесть собаку,2018,32,твердый переплет,Питер,4 329 ₸,Маркетинг
Секреты заключения сделок,2021,1,интегральный переплет,Попурри,8 279 ₸,Маркетинг
Позиционирование: битва за умы,2018,1,твердый переплет,Питер,9 043 ₸,Маркетинг
Дифференцируйся или умирай! Выживание в эпоху убийственной конкуренции,2018,^^^^^^,твердый переплет,Питер,8 744 ₸,Маркетинг
Маркетинг от А до Я,2021,4,мягкая обложка,Альпина Паблишер,4 406 ₸,Маркетинг
Маркетинговые войны,2019,2,твердый переплет,Питер,9 001 ₸,Маркетинг
Почему лучше покупать именно у вас?,2020,^^^^^^,твердый переплет,Питер,13 579 ₸,Маркетинг
Мерчандайзинг,2022,^^^^^^,твердый переплет,Прогресс книга,8 274 ₸,Маркетинг
Практический маркетинг,2020,^^^^^^,интегральный переплет,Попурри,3 594 ₸,Маркетинг
"Взлом маркетинга. Наука о том, почему мы покупаем",2021,1,мягкая обложка,Манн,9 796 ₸,Маркетинг
Бренд-терапия,2019,^^^^^^,твердый переплет,Библос,20 133 ₸,Маркетинг
Гуру Инстаграм и скрипт больших продаж,2018,1,твердый переплет,Питер,5 347 ₸,Маркетинг
Первоклассный сервис как конкурентное преимущество,2022,^^^^^^,твердый переплет,Альпина Паблишер,6 417 ₸,Маркетинг
Розничная торговля и Теория ограничений,2021,2,твердый переплет,Альпина Паблишер,5 816 ₸,Маркетинг
Метод волка с Уолл-стрит. Откровения лучшего продавца в мире,2021,9,твердый переплет,Альпина Паблишер,5 890 ₸,Маркетинг
Деньги в сетевом маркетинге,2020,11,твердый переплет,Бомбора,3 669 ₸,Маркетинг
Новые правила деловой переписки,2021,9,твердый переплет,Альпина Паблишер,5 605 ₸,Маркетинг
Продавая незримое,2022,2,твердый переплет,Альпина Паблишер,4 128 ₸,Маркетинг
Двухшаговые продажи,2020,^^^^^^,мягкая обложка,Альпина Паблишер,2 356 ₸,Маркетинг
Как зарабатывать в Instagram,2020,2,мягкая обложка,Альпина Паблишер,4 406 ₸,Маркетинг
Метод скользкой горки,2022,^^^^^^,твердый переплет,Альпина Паблишер,6 011 ₸,Маркетинг
Основы маркетинга,2019,^^^^^^,твердый переплет,Вильямс,30 189 ₸,Маркетинг
Метод скользкой горки,2022,^^^^^^,твердый переплет,Альпина Паблишер,6 011 ₸,Маркетинг
Основы маркетинга,2019,^^^^^^,твердый переплет,Вильямс,30 189 ₸,Маркетинг
Сильнейшие. Бизнес по правилам Netflix,2018,3,твердый переплет,Эксмо,5 719 ₸,Маркетинг
Без бирж! Как писать статьи и зарабатывать,2021,^^^^^^,твердый переплет,АСТ,2 264 ₸,Маркетинг
Как заработать на своем имени,2018,^^^^^^,твердый переплет,Бомбора,908 ₸,Маркетинг
Принципы первых. Откровенно о бизнесе и жизни успешных предпринимателей,2019,4,твердый переплет,Эксмо,5 995 ₸,Маркетинг
Личный бренд в Инстаграме,2019,^^^^^^,твердый переплет,АСТ,2 958 ₸,Маркетинг
Digital-маркетинг,2022,^^^^^^,твердый переплет,АСТ,4 937 ₸,Маркетинг
Трансформатор 2. Как развить скорость в бизнесе и не сгореть,2018,22,твердый переплет,Эксмо,1 578 ₸,Маркетинг
Код публичности 2022,2022,^^^^^^,твердый переплет,Питер,5 847 ₸,Маркетинг
Интернет-маркетинг глазами клиента,2022,^^^^^^,твердый переплет,АСТ,4 087 ₸,Маркетинг
Экспертный контент в маркетинге,2022,^^^^^^,мягкая обложка,Эксмо,3 579 ₸,Маркетинг
Метод волка с Уолл-стрит. Откровения лучшего продавца в мире,2021,1,мягкая обложка,Альпина Паблишер,3 981 ₸,Маркетинг
Сильнейшие. Бизнес по правилам Netflix,2020,^^^^^^,мягкая обложка,Эксмо,2 589 ₸,Маркетинг
Крутые бренды должны быть горячими,2020,^^^^^^,твердый переплет,Бомбора,6 054 ₸,Маркетинг
Сокрушительный питч в стиле поп-ап,2022,^^^^^^,мягкая обложка,Бомбора,4 455 ₸,Маркетинг
"Текст, который продает посты для соцсетей",2022,^^^^^^,твердый переплет,АСТ,3 389 ₸,Маркетинг
Турбодвигатель продаж,2019,^^^^^^,твердый переплет,АСТ,3 122 ₸,Маркетинг
От спама до любви,2020,^^^^^^,твердый переплет,Эксмо,5 141 ₸,Маркетинг
Стратегия создания UX-текстов,2022,^^^^^^,твердый переплет,Бомбора,5 293 ₸,Маркетинг
Женщины! Ваше время пришло!,2009,^^^^^^,мягкая обложка,ФАИР,1 614 ₸,Маркетинг
Экономика впечатлений,2022,^^^^^^,твердый переплет,Альпина Паблишер,6 417 ₸,Маркетинг
Шаблоны текста для работы и бизнеса,2022,3,твердый переплет,Альпина Паблишер,6 417 ₸,Маркетинг
"Контент, маркетинг и рок-н-ролл",2018,1,твердый переплет,Манн,8 970 ₸,Маркетинг
Стратегический маркетинг,2022,^^^^^^,твердый переплет,Альпина Паблишер,5 605 ₸,Маркетинг
Как писать хорошо,2022,4,твердый переплет,Альпина Паблишер,5 605 ₸,Маркетинг
Скрипты продаж,2022,1,твердый переплет,Альпина Паблишер,5 605 ₸,Маркетинг
Десять смертных грехов маркетинга,2022,1,твердый переплет,Альпина Паблишер,4 793 ₸,Маркетинг
"Как создать продукт, который купят",2022,^^^^^^,твердый переплет,Альпина Паблишер,5 605 ₸,Маркетинг
Простые правила сильного текста,2022,^^^^^^,твердый переплет,Альпина Паблишер,5 605 ₸,Маркетинг
Метод StoryBrand,2020,^^^^^^,твердый переплет,Альпина Паблишер,5 605 ₸,Маркетинг
Работа с возражениями,2022,1,твердый переплет,Альпина Паблишер,5 605 ₸,Маркетинг
Революция в аналитике,2022,1,твердый переплет,Альпина Паблишер,6 417 ₸,Маркетинг
Латеральный маркетинг,2022,^^^^^^,твердый переплет,Альпина Паблишер,4 306 ₸,Маркетинг
Космос,2012,66,твердый переплет,Росмэн,2 706 ₸,Науч-поп
Планета Земля,2014,13,твердый переплет,Манн,7 440 ₸,Науч-поп
Кратчайшая история времени,2017,12,твердый переплет,АСТ,4 720 ₸,Науч-поп
Краткие ответы на большие вопросы,2018,11,твердый переплет,Эксмо,4 190 ₸,Науч-поп
Космос. Первая энциклопедия,2018,10,твердый переплет,Росмэн,2 576 ₸,Науч-поп
Эгоистичный ген,2013,9,твердый переплет,АСТ,5 786 ₸,Науч-поп
Краткая история времени,2019,8,твердый переплет,АСТ,5 786 ₸,Науч-поп
Квантовая физика,2017,7,мягкая обложка,Эксмо,1 166 ₸,Науч-поп
Голубая точка. Космическое будущее человечества,2022,6,твердый переплет,Альпина нон-фикшн,5 605 ₸,Науч-поп
SAPIENS. Краткая история человечества,2022,16,твердый переплет,Синдбад,9 207 ₸,Науч-поп
Животный мир. Иллюстрированный атлас,2021,5,твердый переплет,Махаон,16 494 ₸,Науч-поп
Химия. Самоучитель,2016,4,твердый переплет,АСТ,2 683 ₸,Науч-поп
Математическая смекалка,2018,4,твердый переплет,АСТ,5 167 ₸,Науч-поп
Красная книга Земли,2013,4,твердый переплет,Эксмо,11 115 ₸,Науч-поп
Химия в таблицах и схемах для школы,2014,4,мягкая обложка,Виктория Плюс,561 ₸,Науч-поп
Физика невозможного,2022,4,мягкая обложка,Альпина нон-фикшн,3 169 ₸,Науч-поп
Физика невозможного,2021,4,твердый переплет,Альпина нон-фикшн,6 417 ₸,Науч-поп
Магия математики: Как найти икс и зачем это нужно,2022,4,твердый переплет,Альпина Паблишер,5 106 ₸,Науч-поп
21 урок для XXI века,2022,4,твердый переплет,Синдбад,9 124 ₸,Науч-поп
"Математика с дурацкими рисунками. Идеи, которые формируют нашу реальность",2021,4,твердый переплет,Альпина нон-фикшн,9 666 ₸,Науч-поп
Занимательная физика,2017,4,твердый переплет,Эксмо,3 009 ₸,Науч-поп
Происхождение видов,2017,7,мягкая обложка,АСТ,1 691 ₸,Науч-поп
Физика будущего,2019,4,мягкая обложка,Альпина нон-фикшн,3 575 ₸,Науч-поп
Конспект лекций по высшей математике,2015,3,мягкая обложка,Айрис-пресс,3 342 ₸,Науч-поп
Занимательная астрономия,2018,3,мягкая обложка,Азбука,1 173 ₸,Науч-поп
Анатомия человека,2017,3,мягкая обложка,Эксмо,3 275 ₸,Науч-поп
Черные дыры и молодые вселенные,2017,3,твердый переплет,АСТ,4 607 ₸,Науч-поп
"Технологии, изменившие мир",2019,3,твердый переплет,Бомбора,15 682 ₸,Науч-поп
Ноmo Deus. Краткая история будущего,2021,3,твердый переплет,Синдбад,7 971 ₸,Науч-поп
Жизнь Земли,2017,3,твердый переплет,Эксмо,1 456 ₸,Науч-поп
Конспект лекций по высшей математике,2017,5,твердый переплет,Феникс,6 856 ₸,Науч-поп
Космос,2022,2,мягкая обложка,Альпина нон-фикшн,3 508 ₸,Науч-поп
Невероятные числа профессора Стюарта,2022,2,твердый переплет,Альпина нон-фикшн,6 417 ₸,Науч-поп
Параллельные миры,2018,2,твердый переплет,Альпина Паблишер,6 205 ₸,Науч-поп
Справочник по высшей математике,2019,2,твердый переплет,АСТ,3 669 ₸,Науч-поп
Намедни. Наша эра. 2001-2005,2019,2,твердый переплет,АСТ,21 392 ₸,Науч-поп
Анатомия человека,2016,2,твердый переплет,АСТ,7 957 ₸,Науч-поп
Девушка из лаборатории,2019,2,твердый переплет,Альпина Паблишер,4 793 ₸,Науч-поп
Микрокосм. Е. coli и новая наука о жизни,2018,2,мягкая обложка,Альпина нон-фикшн,2 925 ₸,Науч-поп
Каждой твари — по паре. Секс ради выживания,2022,2,твердый переплет,Альпина нон-фикшн,5 199 ₸,Науч-поп
Хлопок одной ладонью,2020,2,твердый переплет,Альпина нон-фикшн,5 605 ₸,Науч-поп
Сборник задач по химии,2022,2,мягкая обложка,Новая волна,2 653 ₸,Науч-поп
Занимательная механика,2012,2,твердый переплет,Книговек,4 092 ₸,Науч-поп
Биология. Пособие для поступающих в вузы. Том 2,2017,2,мягкая обложка,Новая волна,2 932 ₸,Науч-поп
Вселенная Стивена Хокинга,2018,2,твердый переплет,АСТ,7 308 ₸,Науч-поп
Большой атлас Вселенной,2017,2,твердый переплет,Эксмо,12 829 ₸,Науч-поп
Солнечная система,2017,2,твердый переплет,Эксмо,1 114 ₸,Науч-поп
Расширенный фенотип,2010,2,твердый переплет,АСТ,5 786 ₸,Науч-поп
Охотники за микробами,2017,2,мягкая обложка,АСТ,1 858 ₸,Науч-поп
Почему болезни правят миром,2018,2,твердый переплет,Эксмо,3 807 ₸,Науч-поп
Слепой часовщик. Как эволюция доказывает отсутствие замысла во Вселенной,2015,8,твердый переплет,Corpus,5 786 ₸,Науч-поп
Краткая история почти всего на свете,2016,7,мягкая обложка,АСТ,2 273 ₸,Науч-поп
Путеводитель для влюблённых в математику,2022,1,твердый переплет,Альпина нон-фикшн,6 417 ₸,Науч-поп
Математические трюки для быстрого счета,2022,1,мягкая обложка,Альпина Паблишер,4 144 ₸,Науч-поп
Как изобрести все. Создай цивилизацию с нуля,2019,1,твердый переплет,Бомбора,5 719 ₸,Науч-поп
Занимательная физика,2018,1,мягкая обложка,АСТ,1 319 ₸,Науч-поп
О науке без звериной серьёзности,2018,1,твердый переплет,Эксмо,509 ₸,Науч-поп