,Name of movie,Year of relase,Certificate,Genre,Watchtime,Movie Rating,Metascore,Votes,Gross collection,Director,Cast
0,The Shawshank Redemption,1994,R,['Drama            '],142,9.3,81,"2,671,413",$28.34M,Frank Darabont,"['Tim Robbins', 'Morgan Freeman', 'Bob Gunton', 'William Sadler']"
1,The Godfather,1972,---,"['Crime', ' Drama            ']",175,9.2,100,"1,851,422",$134.97M,Francis Ford Coppola,"['Marlon Brando', 'Al Pacino', 'James Caan', 'Diane Keaton']"
2,The Dark Knight,2008,PG-13,"['Action', ' Crime', ' Drama            ']",152,9.0,84,"2,644,232",$534.86M,Christopher Nolan,"['Christian Bale', 'Heath Ledger', 'Aaron Eckhart', 'Michael Caine']"
3,The Lord of the Rings: The Return of the King,2003,PG-13,"['Action', ' Adventure', ' Drama            ']",201,9.0,94,"1,841,103",$377.85M,Peter Jackson,"['Elijah Wood', 'Viggo Mortensen', 'Ian McKellen', 'Orlando Bloom']"
4,Schindler's List,1993,R,"['Biography', ' Drama', ' History            ']",195,9.0,94,"1,352,381",$96.90M,Steven Spielberg,"['Liam Neeson', 'Ralph Fiennes', 'Ben Kingsley', 'Caroline Goodall']"
5,The Godfather Part II,1974,---,"['Crime', ' Drama            ']",202,9.0,90,"1,267,733",$57.30M,Francis Ford Coppola,"['Al Pacino', 'Robert De Niro', 'Robert Duvall', 'Diane Keaton']"
6,12 Angry Men,1957,---,"['Crime', ' Drama            ']",96,9.0,96,"789,019",$4.36M,Sidney Lumet,"['Henry Fonda', 'Lee J. Cobb', 'Martin Balsam', 'John Fiedler']"
7,777 Charlie,2022,---,"['Adventure', ' Comedy', ' Drama            ']",164,8.9,^^^^^^,"31,311",*****,Kiranraj K,"['Rakshit Shetty', 'Charlie', 'Sangeetha Sringeri', 'Raj B. Shetty']"
8,Pulp Fiction,1994,R,"['Crime', ' Drama            ']",154,8.9,94,"2,046,370",$107.93M,Quentin Tarantino,"['John Travolta', 'Uma Thurman', 'Samuel L. Jackson', 'Bruce Willis']"
9,Rocketry: The Nambi Effect,2022,---,"['Biography', ' Drama            ']",157,8.8,^^^^^^,"50,285",*****,Madhavan,"['Madhavan', 'Simran', 'Rajit Kapoor', 'Ravi Raghavendra']"
10,Jai Bhim,2021,---,"['Crime', ' Drama', ' Mystery            ']",164,8.8,^^^^^^,"201,982",#232,T.J. Gnanavel,"['Suriya', 'Lijo Mol Jose', 'Manikandan K.', 'Rajisha Vijayan']"
11,Inception,2010,PG-13,"['Action', ' Adventure', ' Sci-Fi            ']",148,8.8,74,"2,343,694",$292.58M,Christopher Nolan,"['Leonardo DiCaprio', 'Joseph Gordon-Levitt', 'Elliot Page', 'Ken Watanabe']"
12,The Lord of the Rings: The Two Towers,2002,PG-13,"['Action', ' Adventure', ' Drama            ']",179,8.8,87,"1,662,459",$342.55M,Peter Jackson,"['Elijah Wood', 'Ian McKellen', 'Viggo Mortensen', 'Orlando Bloom']"
13,Fight Club,1999,R,['Drama            '],139,8.8,66,"2,116,838",$37.03M,David Fincher,"['Brad Pitt', 'Edward Norton', 'Meat Loaf', 'Zach Grenier']"
14,The Lord of the Rings: The Fellowship of the Ring,2001,PG-13,"['Action', ' Adventure', ' Drama            ']",178,8.8,92,"1,870,342",$315.54M,Peter Jackson,"['Elijah Wood', 'Ian McKellen', 'Orlando Bloom', 'Sean Bean']"
15,Forrest Gump,1994,PG-13,"['Drama', ' Romance            ']",142,8.8,82,"2,071,438",$330.25M,Robert Zemeckis,"['Tom Hanks', 'Robin Wright', 'Gary Sinise', 'Sally Field']"
16,"Il buono, il brutto, il cattivo",1966,---,"['Adventure', ' Western            ']",161,8.8,90,"760,998",$6.10M,Sergio Leone,"['Clint Eastwood', 'Eli Wallach', 'Lee Van Cleef', 'Aldo Giuffrè']"
17,Soorarai Pottru,2020,---,['Drama            '],153,8.7,^^^^^^,"116,987",*****,Sudha Kongara,"['Suriya', 'Paresh Rawal', 'Aparna Balamurali', 'Achyuth Kumar']"
18,The Matrix,1999,R,"['Action', ' Sci-Fi            ']",136,8.7,73,"1,908,130",$171.48M,"Directors:Lana Wachowski, Lilly Wachowski","['Keanu Reeves', 'Laurence Fishburne', 'Carrie-Anne Moss', 'Hugo Weaving']"
19,Goodfellas,1990,---,"['Biography', ' Crime', ' Drama            ']",145,8.7,90,"1,158,174",$46.84M,Martin Scorsese,"['Robert De Niro', 'Ray Liotta', 'Joe Pesci', 'Lorraine Bracco']"
20,Жұлдызды соғыстар: Эпизод V - Империяның кері соққысы,1980,PG,"['Action', ' Adventure', ' Fantasy            ']",124,8.7,82,"1,289,723",$290.48M,Irvin Kershner,"['Mark Hamill', 'Harrison Ford', 'Carrie Fisher', 'Billy Dee Williams']"
21,One Flew Over the Cuckoo's Nest,1975,---,['Drama            '],133,8.7,84,"1,006,771",$112.00M,Milos Forman,"['Jack Nicholson', 'Louise Fletcher', 'Michael Berryman', 'Peter Brocco']"
22,Sita Ramam,2022,---,"['Action', ' Drama', ' Mystery            ']",163,8.6,^^^^^^,"49,523",*****,Hanu Raghavapudi,"['Dulquer Salmaan', 'Mrunal Thakur', 'Rashmika Mandanna', 'Sumanth']"
23,Kantara,2022,---,"['Action', ' Adventure', ' Drama            ']",148,8.6,^^^^^^,"80,236",*****,Rishab Shetty,"['Rishab Shetty', 'Kishore Kumar G.', 'Achyuth Kumar', 'Sapthami Gowda']"
24,Interstellar,2014,PG-13,"['Adventure', ' Drama', ' Sci-Fi            ']",169,8.6,74,"1,819,999",$188.02M,Christopher Nolan,"['Matthew McConaughey', 'Anne Hathaway', 'Jessica Chastain', 'Mackenzie Foy']"
25,Cidade de Deus,2002,R,"['Crime', ' Drama            ']",130,8.6,79,"756,470",$7.56M,"Directors:Fernando Meirelles, Kátia Lund","['Alexandre Rodrigues', 'Leandro Firmino', 'Matheus Nachtergaele', 'Phellipe Haagensen']"
26,Sen to Chihiro no kamikakushi,2001,PG,"['Animation', ' Adventure', ' Family            ']",125,8.6,96,"761,855",$10.06M,Hayao Miyazaki,"['Daveigh Chase', 'Suzanne Pleshette', 'Miyu Irino', 'Rumi Hiiragi']"
27,Saving Private Ryan,1998,R,"['Drama', ' War            ']",169,8.6,91,"1,388,298",$216.54M,Steven Spielberg,"['Tom Hanks', 'Matt Damon', 'Tom Sizemore', 'Edward Burns']"
28,The Green Mile,1999,R,"['Crime', ' Drama', ' Fantasy            ']",189,8.6,61,"1,298,386",$136.80M,Frank Darabont,"['Tom Hanks', 'Michael Clarke Duncan', 'David Morse', 'Bonnie Hunt']"
29,La vita è bella,1997,PG-13,"['Comedy', ' Drama', ' Romance            ']",116,8.6,59,"694,369",$57.60M,Roberto Benigni,"['Roberto Benigni', 'Nicoletta Braschi', 'Giorgio Cantarini', 'Giustino Durano']"
30,Se7en,1995,R,"['Crime', ' Drama', ' Mystery            ']",127,8.6,65,"1,647,142",$100.13M,David Fincher,"['Morgan Freeman', 'Brad Pitt', 'Kevin Spacey', 'Andrew Kevin Walker']"
31,Terminator 2: Judgment Day,1991,R,"['Action', ' Sci-Fi            ']",137,8.6,75,"1,097,289",$204.84M,James Cameron,"['Arnold Schwarzenegger', 'Linda Hamilton', 'Edward Furlong', 'Robert Patrick']"
32,The Silence of the Lambs,1991,---,"['Crime', ' Drama', ' Thriller            ']",118,8.6,85,"1,429,296",$130.74M,Jonathan Demme,"['Jodie Foster', 'Anthony Hopkins', 'Lawrence A. Bonney', 'Kasi Lemmons']"
33,Жұлдызды соғыстар: Эпизод IV - Жаңа үміт,1977,PG,"['Action', ' Adventure', ' Fantasy            ']",121,8.6,90,"1,362,303",$322.74M,George Lucas,"['Mark Hamill', 'Harrison Ford', 'Carrie Fisher', 'Alec Guinness']"
34,Seppuku,1962,---,"['Action', ' Drama', ' Mystery            ']",133,8.6,85,"57,633",#44,Masaki Kobayashi,"['Tatsuya Nakadai', 'Akira Ishihama', 'Shima Iwashita', 'Tetsurô Tanba']"
35,Shichinin no samurai,1954,---,"['Action', ' Drama            ']",207,8.6,98,"346,425",$0.27M,Akira Kurosawa,"['Toshirô Mifune', 'Takashi Shimura', 'Keiko Tsushima', 'Yukiko Shimazaki']"
36,It's a Wonderful Life,1946,PG,"['Drama', ' Family', ' Fantasy            ']",130,8.6,89,"456,822",#21,Frank Capra,"['James Stewart', 'Donna Reed', 'Lionel Barrymore', 'Thomas Mitchell']"
37,Kaithi,2019,---,"['Action', ' Adventure', ' Crime            ']",145,8.5,^^^^^^,"32,806",*****,Lokesh Kanagaraj,"['Karthi', 'Narain', 'Arjun Das', 'George Maryan']"
38,96,II 2018,---,"['Drama', ' Romance            ']",158,8.5,^^^^^^,"31,723",*****,C. Prem Kumar,"['Vijay Sethupathi', 'Adithya Bhaskar', 'Trisha Krishnan', 'Gouri Kishan']"
39,Gisaengchung,2019,R,"['Drama', ' Thriller            ']",132,8.5,96,"797,842",$53.37M,Bong Joon Ho,"['Song Kang-ho', 'Lee Sun-kyun', 'Cho Yeo-jeong', 'Choi Woo-sik']"
40,Whiplash,2014,R,"['Drama', ' Music            ']",106,8.5,89,"857,319",$13.09M,Damien Chazelle,"['Miles Teller', 'J.K. Simmons', 'Melissa Benoist', 'Paul Reiser']"
41,The Intouchables,2011,R,"['Biography', ' Comedy', ' Drama            ']",112,8.5,57,"856,898",$13.18M,"Directors:Olivier Nakache, Éric Toledano","['François Cluzet', 'Omar Sy', 'Anne Le Ny', 'Audrey Fleurot']"
42,The Prestige,2006,PG-13,"['Drama', ' Mystery', ' Sci-Fi            ']",130,8.5,66,"1,330,204",$53.09M,Christopher Nolan,"['Christian Bale', 'Hugh Jackman', 'Scarlett Johansson', 'Michael Caine']"
43,The Departed,2006,R,"['Crime', ' Drama', ' Thriller            ']",151,8.5,85,"1,322,564",$132.38M,Martin Scorsese,"['Leonardo DiCaprio', 'Matt Damon', 'Jack Nicholson', 'Mark Wahlberg']"
44,The Pianist,2002,R,"['Biography', ' Drama', ' Music            ']",150,8.5,85,"830,836",$32.57M,Roman Polanski,"['Adrien Brody', 'Thomas Kretschmann', 'Frank Finlay', 'Emilia Fox']"
45,Gladiator,2000,R,"['Action', ' Adventure', ' Drama            ']",155,8.5,67,"1,496,845",$187.71M,Ridley Scott,"['Russell Crowe', 'Joaquin Phoenix', 'Connie Nielsen', 'Oliver Reed']"
46,American History X,1998,R,"['Crime', ' Drama            ']",119,8.5,62,"1,121,212",$6.72M,Tony Kaye,"['Edward Norton', 'Edward Furlong', ""Beverly D'Angelo"", 'Jennifer Lien']"
47,The Usual Suspects,1995,R,"['Crime', ' Drama', ' Mystery            ']",106,8.5,77,"1,084,126",$23.34M,Bryan Singer,"['Kevin Spacey', 'Gabriel Byrne', 'Chazz Palminteri', 'Stephen Baldwin']"
48,Léon,1994,R,"['Action', ' Crime', ' Drama            ']",110,8.5,64,"1,158,868",$19.50M,Luc Besson,"['Jean Reno', 'Gary Oldman', 'Natalie Portman', 'Danny Aiello']"
49,The Lion King,1994,G,"['Animation', ' Adventure', ' Drama            ']",88,8.5,88,"1,056,076",$422.78M,"Directors:Roger Allers, Rob Minkoff","['Matthew Broderick', 'Jeremy Irons', 'James Earl Jones', 'Whoopi Goldberg']"
50,Nuovo Cinema Paradiso,1988,R,"['Drama', ' Romance            ']",155,8.5,80,"261,786",$11.99M,Giuseppe Tornatore,"['Philippe Noiret', 'Enzo Cannavale', 'Antonella Attili', 'Isa Danieli']"
51,Hotaru no haka,1988,---,"['Animation', ' Drama', ' War            ']",89,8.5,94,"277,869",#45,Isao Takahata,"['Tsutomu Tatsumi', 'Ayano Shiraishi', 'Akemi Yamaguchi', 'Yoshiko Shinohara']"
52,Back to the Future,1985,---,"['Adventure', ' Comedy', ' Sci-Fi            ']",116,8.5,87,"1,202,175",$210.61M,Robert Zemeckis,"['Michael J. Fox', 'Christopher Lloyd', 'Lea Thompson', 'Crispin Glover']"
53,Apocalypse Now,1979,R,"['Drama', ' Mystery', ' War            ']",147,8.5,94,"667,442",$83.47M,Francis Ford Coppola,"['Martin Sheen', 'Marlon Brando', 'Robert Duvall', 'Frederic Forrest']"
54,Alien,1979,R,"['Horror', ' Sci-Fi            ']",117,8.5,89,"881,724",$78.90M,Ridley Scott,"['Sigourney Weaver', 'Tom Skerritt', 'John Hurt', 'Veronica Cartwright']"
55,Once Upon a Time in the West,1968,PG-13,['Western            '],165,8.5,80,"330,157",$5.32M,Sergio Leone,"['Henry Fonda', 'Charles Bronson', 'Claudia Cardinale', 'Jason Robards']"
56,Psycho,1960,R,"['Horror', ' Mystery', ' Thriller            ']",109,8.5,97,"671,926",$32.00M,Alfred Hitchcock,"['Anthony Perkins', 'Janet Leigh', 'Vera Miles', 'John Gavin']"
57,Rear Window,1954,PG,"['Mystery', ' Thriller            ']",112,8.5,100,"492,178",$36.76M,Alfred Hitchcock,"['James Stewart', 'Grace Kelly', 'Wendell Corey', 'Thelma Ritter']"
58,Casablanca,1942,PG,"['Drama', ' Romance', ' War            ']",102,8.5,100,"572,072",$1.02M,Michael Curtiz,"['Humphrey Bogart', 'Ingrid Bergman', 'Paul Henreid', 'Claude Rains']"
59,Modern Times,1936,---,"['Comedy', ' Drama', ' Romance            ']",87,8.5,96,"243,221",$0.16M,Charles Chaplin,"['Charles Chaplin', 'Paulette Goddard', 'Henry Bergman', 'Tiny Sandford']"
60,City Lights,1931,G,"['Comedy', ' Drama', ' Romance            ']",87,8.5,99,"185,445",$0.02M,Charles Chaplin,"['Charles Chaplin', 'Virginia Cherrill', 'Florence Lee', 'Harry Myers']"
61,Asuran,2019,---,"['Action', ' Drama            ']",141,8.4,^^^^^^,"29,917",*****,Vetrimaaran,"['Dhanush', 'Manju Warrier', 'Prakash Raj', 'Pasupathy']"
62,Vikram,2022,---,"['Action', ' Crime', ' Thriller            ']",175,8.4,^^^^^^,"58,088",*****,Lokesh Kanagaraj,"['Kamal Haasan', 'Vijay Sethupathi', 'Fahadh Faasil', 'Narain']"
63,Hamilton,2020,PG-13,"['Biography', ' Drama', ' History            ']",160,8.4,89,"95,000",#107,Thomas Kail,"['Lin-Manuel Miranda', 'Phillipa Soo', 'Leslie Odom Jr.', 'Renée Elise Goldsberry']"
64,Capharnaüm,2018,R,['Drama            '],126,8.4,75,"90,323",$1.66M,Nadine Labaki,"['Zain Al Rafeea', 'Yordanos Shiferaw', 'Boluwatife Treasure Bankole', 'Kawsar Al Haddad']"
65,Joker,I 2019,R,"['Crime', ' Drama', ' Thriller            ']",122,8.4,59,"1,276,372",$335.45M,Todd Phillips,"['Joaquin Phoenix', 'Robert De Niro', 'Zazie Beetz', 'Frances Conroy']"
66,Kimi no Na wa.,2016,PG,"['Animation', ' Drama', ' Fantasy            ']",106,8.4,79,"268,798",$5.02M,Makoto Shinkai,"['Ryûnosuke Kamiki', 'Mone Kamishiraishi', 'Ryô Narita', 'Aoi Yûki']"
67,Spider-Man: Into the Spider-Verse,2018,PG,"['Animation', ' Action', ' Adventure            ']",117,8.4,87,"527,077",$190.24M,"Directors:Bob Persichetti, Peter Ramsey, Rodney Rothman","['Shameik Moore', 'Jake Johnson', 'Hailee Steinfeld', 'Mahershala Ali']"
68,Avengers: Endgame,2019,PG-13,"['Action', ' Adventure', ' Drama            ']",181,8.4,78,"1,125,065",$858.37M,"Directors:Anthony Russo, Joe Russo","['Robert Downey Jr.', 'Chris Evans', 'Mark Ruffalo', 'Chris Hemsworth']"
69,Avengers: Infinity War,2018,PG-13,"['Action', ' Adventure', ' Sci-Fi            ']",149,8.4,68,"1,076,307",$678.82M,"Directors:Anthony Russo, Joe Russo","['Robert Downey Jr.', 'Chris Hemsworth', 'Mark Ruffalo', 'Chris Evans']"
70,Коко құпиясы,I 2017,PG,"['Animation', ' Adventure', ' Comedy            ']",105,8.4,81,"506,866",$209.73M,"Directors:Lee Unkrich, Adrian Molina","['Anthony Gonzalez', 'Gael García Bernal', 'Benjamin Bratt', 'Alanna Ubach']"
71,Django Unchained,2012,R,"['Drama', ' Western            ']",165,8.4,81,"1,548,745",$162.81M,Quentin Tarantino,"['Jamie Foxx', 'Christoph Waltz', 'Leonardo DiCaprio', 'Kerry Washington']"
72,Top Gun: Maverick,2022,PG-13,"['Action', ' Drama            ']",130,8.4,78,"446,729",#83,Joseph Kosinski,"['Tom Cruise', 'Jennifer Connelly', 'Miles Teller', 'Val Kilmer']"
73,The Dark Knight Rises,2012,PG-13,"['Action', ' Drama            ']",164,8.4,78,"1,701,094",$448.14M,Christopher Nolan,"['Christian Bale', 'Tom Hardy', 'Anne Hathaway', 'Gary Oldman']"
74,Drishyam 2,2021,---,"['Crime', ' Drama', ' Thriller            ']",152,8.4,^^^^^^,"37,660",*****,Jeethu Joseph,"['Mohanlal', 'Meena', 'Ansiba', 'Esther Anil']"
75,3 Idiots,2009,PG-13,"['Comedy', ' Drama            ']",170,8.4,67,"400,958",$6.53M,Rajkumar Hirani,"['Aamir Khan', 'Madhavan', 'Mona Singh', 'Sharman Joshi']"
76,K.G.F: Chapter 2,2022,---,"['Action', ' Crime', ' Drama            ']",168,8.4,^^^^^^,"132,729",*****,Prashanth Neel,"['Yash', 'Sanjay Dutt', 'Raveena Tandon', 'Srinidhi Shetty']"
77,Shershaah,2021,---,"['Action', ' Biography', ' Drama            ']",135,8.4,^^^^^^,"121,780",*****,Vishnuvardhan,"['Sidharth Malhotra', 'Kiara Advani', 'Shiv Panditt', 'Pranay Pachauri']"
78,Sardar Udham,2021,---,"['Biography', ' Crime', ' Drama            ']",164,8.4,^^^^^^,"42,664",*****,Shoojit Sircar,"['Vicky Kaushal', 'Shaun Scott', 'Stephen Hogan', 'Amol Parashar']"
79,Taare Zameen Par,2007,PG,"['Drama', ' Family            ']",165,8.4,^^^^^^,"194,262",$1.22M,"Directors:Aamir Khan, Amole Gupte","['Darsheel Safary', 'Aamir Khan', 'Tisca Chopra', 'Vipin Sharma']"
80,WALL·E,2008,---,"['Animation', ' Adventure', ' Family            ']",98,8.4,95,"1,114,112",$223.81M,Andrew Stanton,"['Ben Burtt', 'Elissa Knight', 'Jeff Garlin', 'Fred Willard']"
81,The Lives of Others,2006,R,"['Drama', ' Mystery', ' Thriller            ']",137,8.4,89,"390,421",$11.29M,Florian Henckel von Donnersmarck,"['Ulrich Mühe', 'Martina Gedeck', 'Sebastian Koch', 'Ulrich Tukur']"
82,Oldeuboi,2003,R,"['Action', ' Drama', ' Mystery            ']",120,8.4,77,"579,562",$0.71M,Park Chan-wook,"['Choi Min-sik', 'Yoo Ji-tae', 'Kang Hye-jeong', 'Kim Byeong-Ok']"
83,Memento,2000,R,"['Mystery', ' Thriller            ']",113,8.4,80,"1,236,377",$25.54M,Christopher Nolan,"['Guy Pearce', 'Carrie-Anne Moss', 'Joe Pantoliano', 'Mark Boone Junior']"
84,American Beauty,1999,R,['Drama            '],122,8.4,84,"1,154,268",$130.10M,Sam Mendes,"['Kevin Spacey', 'Annette Bening', 'Thora Birch', 'Wes Bentley']"
85,Mononoke-hime,1997,PG-13,"['Animation', ' Action', ' Adventure            ']",134,8.4,76,"395,199",$2.38M,Hayao Miyazaki,"['Yôji Matsuda', 'Yuriko Ishida', 'Yûko Tanaka', 'Billy Crudup']"
86,Braveheart,1995,R,"['Biography', ' Drama', ' History            ']",178,8.4,68,"1,037,190",$75.60M,Mel Gibson,"['Mel Gibson', 'Sophie Marceau', 'Patrick McGoohan', 'Angus Macfadyen']"
87,Idi i smotri,1985,---,"['Drama', ' Thriller', ' War            ']",142,8.4,^^^^^^,"80,776",#95,Elem Klimov,"['Aleksey Kravchenko', 'Olga Mironova', 'Liubomiras Laucevicius', 'Vladas Bagdonas']"
88,Aliens,1986,R,"['Action', ' Adventure', ' Sci-Fi            ']",137,8.4,84,"717,760",$85.16M,James Cameron,"['Sigourney Weaver', 'Michael Biehn', 'Carrie Henn', 'Paul Reiser']"
89,Amadeus,1984,R,"['Biography', ' Drama', ' Music            ']",160,8.4,88,"401,905",$51.97M,Milos Forman,"['F. Murray Abraham', 'Tom Hulce', 'Elizabeth Berridge', 'Roy Dotrice']"
90,Raiders of the Lost Ark,1981,PG,"['Action', ' Adventure            ']",115,8.4,85,"965,079",$248.16M,Steven Spielberg,"['Harrison Ford', 'Karen Allen', 'Paul Freeman', 'John Rhys-Davies']"
91,Das Boot,1981,R,"['Drama', ' War            ']",149,8.4,86,"251,893",$11.49M,Wolfgang Petersen,"['Jürgen Prochnow', 'Herbert Grönemeyer', 'Klaus Wennemann', 'Hubertus Bengsch']"
92,The Shining,1980,R,"['Drama', ' Horror            ']",146,8.4,66,"1,020,899",$44.02M,Stanley Kubrick,"['Jack Nicholson', 'Shelley Duvall', 'Danny Lloyd', 'Scatman Crothers']"
93,Tengoku to jigoku,1963,---,"['Crime', ' Drama', ' Mystery            ']",143,8.4,90,"45,570",#88,Akira Kurosawa,"['Toshirô Mifune', 'Yutaka Sada', 'Tatsuya Nakadai', 'Kyôko Kagawa']"
94,Dr. Strangelove or: How I Learned to Stop Worrying and Love the Bomb,1964,PG,"['Comedy', ' War            ']",95,8.4,97,"491,772",$0.28M,Stanley Kubrick,"['Peter Sellers', 'George C. Scott', 'Sterling Hayden', 'Keenan Wynn']"
95,Witness for the Prosecution,1957,---,"['Crime', ' Drama', ' Mystery            ']",116,8.4,76,"126,231",$8.18M,Billy Wilder,"['Tyrone Power', 'Marlene Dietrich', 'Charles Laughton', 'Elsa Lanchester']"
96,Paths of Glory,1957,---,"['Drama', ' War            ']",88,8.4,90,"198,239",#60,Stanley Kubrick,"['Kirk Douglas', 'Ralph Meeker', 'Adolphe Menjou', 'George Macready']"
97,Sunset Blvd.,1950,---,"['Drama', ' Film-Noir            ']",110,8.4,^^^^^^,"222,790",#59,Billy Wilder,"['William Holden', 'Gloria Swanson', 'Erich von Stroheim', 'Nancy Olson']"
98,The Great Dictator,1940,---,"['Comedy', ' Drama', ' War            ']",125,8.4,^^^^^^,"224,708",$0.29M,Charles Chaplin,"['Charles Chaplin', 'Paulette Goddard', 'Jack Oakie', 'Reginald Gardiner']"
99,Chhichhore,2019,---,"['Comedy', ' Drama', ' Romance            ']",143,8.3,^^^^^^,"55,156",$0.90M,Nitesh Tiwari,"['Sushant Singh Rajput', 'Shraddha Kapoor', 'Varun Sharma', 'Prateik Babbar']"
100,Ratsasan,2018,---,"['Crime', ' Drama', ' Mystery            ']",170,8.3,^^^^^^,"45,143",*****,Ram Kumar,"['Vishnu Vishal', 'Amala Paul', 'Radha Ravi', 'Sangili Murugan']"
101,Айля,2017,---,"['Biography', ' Drama', ' History            ']",125,8.3,^^^^^^,"40,285",*****,Can Ulkay,"['Çetin Tekindor', 'Ismail Hacioglu', 'Kyung-jin Lee', 'Kim Seol']"
102,Vikram Vedha,2017,---,"['Action', ' Crime', ' Drama            ']",147,8.3,^^^^^^,"45,727",*****,"Directors:Gayatri, Pushkar, Gowtham Selvaraj","['Madhavan', 'Vijay Sethupathi', 'Shraddha Srinath', 'Kathir']"
103,Dangal,2016,---,"['Action', ' Biography', ' Drama            ']",161,8.3,^^^^^^,"191,984",$12.39M,Nitesh Tiwari,"['Aamir Khan', 'Sakshi Tanwar', 'Fatima Sana Shaikh', 'Sanya Malhotra']"
104,Drishyam,2013,---,"['Crime', ' Drama', ' Thriller            ']",160,8.3,^^^^^^,"41,880",*****,Jeethu Joseph,"['Mohanlal', 'Meena', 'Asha Sharath', 'Ansiba']"
105,Jagten,2012,R,['Drama            '],115,8.3,77,"331,019",$0.69M,Thomas Vinterberg,"['Mads Mikkelsen', 'Thomas Bo Larsen', 'Annika Wedderkopp', 'Lasse Fogelstrøm']"
106,Jodaeiye Nader az Simin,2011,PG-13,['Drama            '],123,8.3,95,"245,933",$7.10M,Asghar Farhadi,"['Payman Maadi', 'Leila Hatami', 'Sareh Bayat', 'Shahab Hosseini']"
107,Incendies,2010,R,"['Drama', ' Mystery            ']",131,8.3,80,"178,631",$6.86M,Denis Villeneuve,"['Lubna Azabal', 'Mélissa Désormeaux-Poulin', 'Maxim Gaudette', 'Mustafa Kamel']"
108,Өрмекші-адам: Үйге жол жоқ,2021,PG-13,"['Action', ' Adventure', ' Fantasy            ']",148,8.3,71,"749,978",$804.75M,Jon Watts,"['Tom Holland', 'Zendaya', 'Benedict Cumberbatch', 'Jacob Batalon']"
109,Up,2009,PG,"['Animation', ' Adventure', ' Comedy            ']",96,8.3,88,"1,042,573",$293.00M,"Directors:Pete Docter, Bob Peterson","['Edward Asner', 'Jordan Nagai', 'John Ratzenberger', 'Christopher Plummer']"
110,Toy Story 3,2010,---,"['Animation', ' Adventure', ' Comedy            ']",103,8.3,92,"835,758",$415.00M,Lee Unkrich,"['Tom Hanks', 'Tim Allen', 'Joan Cusack', 'Ned Beatty']"
111,Inglourious Basterds,2009,R,"['Adventure', ' Drama', ' War            ']",153,8.3,69,"1,444,804",$120.54M,Quentin Tarantino,"['Brad Pitt', 'Diane Kruger', 'Eli Roth', 'Mélanie Laurent']"
112,Eternal Sunshine of the Spotless Mind,2004,R,"['Drama', ' Romance', ' Sci-Fi            ']",108,8.3,89,"1,006,845",$34.40M,Michel Gondry,"['Jim Carrey', 'Kate Winslet', 'Tom Wilkinson', 'Gerry Robert Byrne']"
113,Le fabuleux destin d'Amélie Poulain,2001,R,"['Comedy', ' Romance            ']",122,8.3,69,"757,164",$33.23M,Jean-Pierre Jeunet,"['Audrey Tautou', 'Mathieu Kassovitz', 'Rufus', 'Lorella Cravotta']"
114,Requiem for a Dream,2000,R,['Drama            '],102,8.3,68,"841,862",$3.64M,Darren Aronofsky,"['Ellen Burstyn', 'Jared Leto', 'Jennifer Connelly', 'Marlon Wayans']"
115,Good Will Hunting,1997,R,"['Drama', ' Romance            ']",126,8.3,70,"967,477",$138.43M,Gus Van Sant,"['Robin Williams', 'Matt Damon', 'Ben Affleck', 'Stellan Skarsgård']"
116,Toy Story,1995,---,"['Animation', ' Adventure', ' Comedy            ']",81,8.3,95,"992,535",$191.80M,John Lasseter,"['Tom Hanks', 'Tim Allen', 'Don Rickles', 'Jim Varney']"
117,Heat,1995,R,"['Action', ' Crime', ' Drama            ']",170,8.3,76,"654,897",$67.44M,Michael Mann,"['Al Pacino', 'Robert De Niro', 'Val Kilmer', 'Jon Voight']"
118,Reservoir Dogs,1992,R,"['Crime', ' Thriller            ']",99,8.3,79,"1,017,078",$2.83M,Quentin Tarantino,"['Harvey Keitel', 'Tim Roth', 'Michael Madsen', 'Chris Penn']"
119,Full Metal Jacket,1987,---,"['Drama', ' War            ']",116,8.3,76,"743,027",$46.36M,Stanley Kubrick,"['Matthew Modine', 'R. Lee Ermey', ""Vincent D'Onofrio"", 'Adam Baldwin']"
120,Once Upon a Time in America,1984,R,"['Crime', ' Drama            ']",229,8.3,75,"352,849",$5.32M,Sergio Leone,"['Robert De Niro', 'James Woods', 'Elizabeth McGovern', 'Treat Williams']"
121,Scarface,1983,---,"['Crime', ' Drama            ']",170,8.3,65,"840,478",$45.60M,Brian De Palma,"['Al Pacino', 'Michelle Pfeiffer', 'Steven Bauer', 'Mary Elizabeth Mastrantonio']"
122,Жұлдызды соғыстар: Эпизод VI - Джедайдың оралуы С,1983,PG,"['Action', ' Adventure', ' Fantasy            ']",131,8.3,58,"1,052,612",$309.13M,Richard Marquand,"['Mark Hamill', 'Harrison Ford', 'Carrie Fisher', 'Billy Dee Williams']"
123,The Sting,1973,---,"['Comedy', ' Crime', ' Drama            ']",129,8.3,83,"263,301",$159.60M,George Roy Hill,"['Paul Newman', 'Robert Redford', 'Robert Shaw', 'Charles Durning']"
124,A Clockwork Orange,1971,---,"['Crime', ' Sci-Fi            ']",136,8.3,77,"830,043",$6.21M,Stanley Kubrick,"['Malcolm McDowell', 'Patrick Magee', 'Michael Bates', 'Warren Clarke']"
125,2001: A Space Odyssey,1968,---,"['Adventure', ' Sci-Fi            ']",149,8.3,84,"669,105",$56.95M,Stanley Kubrick,"['Keir Dullea', 'Gary Lockwood', 'William Sylvester', 'Daniel Richter']"
126,To Kill a Mockingbird,1962,---,"['Crime', ' Drama            ']",129,8.3,88,"317,569",#109,Robert Mulligan,"['Gregory Peck', 'John Megna', 'Frank Overton', 'Rosemary Murphy']"
127,Lawrence of Arabia,1962,---,"['Adventure', ' Biography', ' Drama            ']",218,8.3,100,"294,807",$44.82M,David Lean,"[""Peter O'Toole"", 'Alec Guinness', 'Anthony Quinn', 'Jack Hawkins']"
128,Judgment at Nuremberg,1961,---,"['Drama', ' War            ']",179,8.3,60,"78,309",#134,Stanley Kramer,"['Spencer Tracy', 'Burt Lancaster', 'Richard Widmark', 'Marlene Dietrich']"
129,The Apartment,1960,---,"['Comedy', ' Drama', ' Romance            ']",125,8.3,94,"182,509",$18.60M,Billy Wilder,"['Jack Lemmon', 'Shirley MacLaine', 'Fred MacMurray', 'Ray Walston']"
130,North by Northwest,1959,---,"['Action', ' Adventure', ' Mystery            ']",136,8.3,98,"329,011",$13.28M,Alfred Hitchcock,"['Cary Grant', 'Eva Marie Saint', 'James Mason', 'Jessie Royce Landis']"
131,Vertigo,1958,PG,"['Mystery', ' Romance', ' Thriller            ']",128,8.3,100,"403,262",$3.20M,Alfred Hitchcock,"['James Stewart', 'Kim Novak', 'Barbara Bel Geddes', 'Tom Helmore']"
132,Pather Panchali,1955,---,['Drama            '],125,8.3,^^^^^^,"33,527",$0.54M,Satyajit Ray,"['Kanu Bannerjee', 'Karuna Bannerjee', 'Subir Banerjee', 'Chunibala Devi']"
133,Singin' in the Rain,1952,G,"['Comedy', ' Musical', ' Romance            ']",103,8.3,99,"243,412",$8.82M,"Directors:Stanley Donen, Gene Kelly","['Gene Kelly', ""Donald O'Connor"", 'Debbie Reynolds', 'Jean Hagen']"
134,Ikiru,1952,---,['Drama            '],143,8.3,91,"79,270",$0.06M,Akira Kurosawa,"['Takashi Shimura', 'Nobuo Kaneko', ""Shin'ichi Himori"", 'Haruo Tanaka']"
135,Ladri di biciclette,1948,---,['Drama            '],89,8.3,^^^^^^,"164,442",$0.33M,Vittorio De Sica,"['Lamberto Maggiorani', 'Enzo Staiola', 'Lianella Carell', 'Elena Altieri']"
136,Double Indemnity,1944,---,"['Crime', ' Drama', ' Film-Noir            ']",107,8.3,95,"158,282",$5.72M,Billy Wilder,"['Fred MacMurray', 'Barbara Stanwyck', 'Edward G. Robinson', 'Byron Barr']"
137,Citizen Kane,1941,PG,"['Drama', ' Mystery            ']",119,8.3,100,"442,966",$1.59M,Orson Welles,"['Orson Welles', 'Joseph Cotten', 'Dorothy Comingore', 'Agnes Moorehead']"
138,M - Eine Stadt sucht einen Mörder,1931,---,"['Crime', ' Mystery', ' Thriller            ']",117,8.3,^^^^^^,"158,879",$0.03M,Fritz Lang,"['Peter Lorre', 'Ellen Widmann', 'Inge Landgut', 'Otto Wernicke']"
139,Metropolis,1927,---,"['Drama', ' Sci-Fi            ']",153,8.3,98,"175,261",$1.24M,Fritz Lang,"['Brigitte Helm', 'Alfred Abel', 'Gustav Fröhlich', 'Rudolf Klein-Rogge']"
140,The Kid,1921,---,"['Comedy', ' Drama', ' Family            ']",68,8.3,^^^^^^,"127,186",$5.45M,Charles Chaplin,"['Charles Chaplin', 'Edna Purviance', 'Jackie Coogan', 'Carl Miller']"
141,1917,2019,R,"['Action', ' Drama', ' War            ']",119,8.2,78,"587,401",$159.23M,Sam Mendes,"['Dean-Charles Chapman', 'George MacKay', 'Daniel Mays', 'Colin Firth']"
142,Uri: The Surgical Strike,2019,---,"['Action', ' Drama', ' History            ']",138,8.2,^^^^^^,"64,698",$4.19M,Aditya Dhar,"['Vicky Kaushal', 'Paresh Rawal', 'Mohit Raina', 'Yami Gautam']"
143,Tumbbad,2018,---,"['Drama', ' Fantasy', ' Horror            ']",104,8.2,^^^^^^,"49,894",*****,"Directors:Rahi Anil Barve, Anand Gandhi, Adesh Prasad","['Sohum Shah', 'Jyoti Malshe', 'Anita Date-Kelkar', 'Ronjini Chakraborty']"
144,Andhadhun,2018,---,"['Comedy', ' Crime', ' Music            ']",139,8.2,^^^^^^,"94,261",$1.37M,Sriram Raghavan,"['Tabu', 'Ayushmann Khurrana', 'Radhika Apte', 'Anil Dhawan']"
145,K.G.F: Chapter 1,2018,---,"['Action', ' Crime', ' Drama            ']",156,8.2,^^^^^^,"87,340",*****,Prashanth Neel,"['Yash', 'Srinidhi Shetty', 'Ramachandra Raju', 'Archana Jois']"
146,Green Book,2018,PG-13,"['Biography', ' Comedy', ' Drama            ']",130,8.2,69,"490,980",$85.08M,Peter Farrelly,"['Viggo Mortensen', 'Mahershala Ali', 'Linda Cardellini', 'Sebastian Maniscalco']"
147,Baahubali 2: The Conclusion,2017,---,"['Action', ' Drama            ']",167,8.2,^^^^^^,"102,425",$20.19M,S.S. Rajamouli,"['Prabhas', 'Rana Daggubati', 'Anushka Shetty', 'Tamannaah Bhatia']"
148,Drishyam,2015,---,"['Crime', ' Drama', ' Mystery            ']",163,8.2,^^^^^^,"84,345",$0.74M,Nishikant Kamat,"['Ajay Devgn', 'Shriya Saran', 'Tabu', 'Rajat Kapoor']"
149,Bhaag Milkha Bhaag,2013,---,"['Biography', ' Drama', ' Sport            ']",186,8.2,^^^^^^,"68,729",$1.63M,Rakeysh Omprakash Mehra,"['Farhan Akhtar', 'Japtej Singh', 'Divya Dutta', 'Pawan Malhotra']"
150,Inside Out,I 2015,PG,"['Animation', ' Adventure', ' Comedy            ']",95,8.2,94,"713,074",$356.46M,"Directors:Pete Docter, Ronnie Del Carmen","['Amy Poehler', 'Bill Hader', 'Lewis Black', 'Mindy Kaling']"
151,Gangs of Wasseypur,2012,---,"['Action', ' Comedy', ' Crime            ']",321,8.2,89,"97,012",*****,Anurag Kashyap,"['Manoj Bajpayee', 'Ashish Chhipa', 'Richa Chadha', 'Nawazuddin Siddiqui']"
152,Paan Singh Tomar,2012,---,"['Action', ' Biography', ' Crime            ']",135,8.2,^^^^^^,"36,616",$0.04M,Tigmanshu Dhulia,"['Irrfan Khan', 'Mahie Gill', 'Rajesh Abhay', 'Hemendra Dandotiya']"
153,Zindagi Na Milegi Dobara,2011,---,"['Comedy', ' Drama', ' Musical            ']",155,8.2,^^^^^^,"79,274",$3.11M,Zoya Akhtar,"['Hrithik Roshan', 'Farhan Akhtar', 'Abhay Deol', 'Katrina Kaif']"
154,El secreto de sus ojos,2009,R,"['Drama', ' Mystery', ' Romance            ']",129,8.2,80,"210,678",$6.39M,Juan José Campanella,"['Ricardo Darín', 'Soledad Villamil', 'Pablo Rago', 'Carla Quevedo']"
155,Warrior,2011,PG-13,"['Action', ' Drama', ' Sport            ']",140,8.2,71,"473,519",$13.66M,Gavin O'Connor,"['Tom Hardy', 'Nick Nolte', 'Joel Edgerton', 'Jennifer Morrison']"
156,Shutter Island,2010,R,"['Mystery', ' Thriller            ']",138,8.2,63,"1,310,327",$128.01M,Martin Scorsese,"['Leonardo DiCaprio', 'Emily Mortimer', 'Mark Ruffalo', 'Ben Kingsley']"
157,Kimetsu no Yaiba: Mugen Ressha-Hen,2020,R,"['Animation', ' Action', ' Adventure            ']",117,8.2,72,"58,519",$47.70M,Haruo Sotozaki,"['Natsuki Hanae', 'Akari Kitô', 'Yoshitsugu Matsuoka', 'Hiro Shimono']"
158,Miracle in Cell No. 7,2019,---,['Drama            '],132,8.2,^^^^^^,"49,443",*****,Mehmet Ada Öztekin,"['Aras Bulut Iynemli', 'Nisa Sofiya Aksongur', 'Deniz Baysal', 'Celile Toyon Uysal']"
159,The Father,I 2020,PG-13,"['Drama', ' Mystery            ']",97,8.2,88,"153,716",#130,Florian Zeller,"['Anthony Hopkins', 'Olivia Colman', 'Mark Gatiss', 'Olivia Williams']"
160,The Wolf of Wall Street,2013,R,"['Biography', ' Comedy', ' Crime            ']",180,8.2,75,"1,404,153",$116.90M,Martin Scorsese,"['Leonardo DiCaprio', 'Jonah Hill', 'Margot Robbie', 'Matthew McConaughey']"
161,No Country for Old Men,2007,R,"['Crime', ' Drama', ' Thriller            ']",122,8.2,92,"972,088",$74.28M,"Directors:Ethan Coen, Joel Coen","['Tommy Lee Jones', 'Javier Bardem', 'Josh Brolin', 'Woody Harrelson']"
162,Babam ve Oglum,2005,---,"['Drama', ' Family            ']",112,8.2,^^^^^^,"87,253",#237,Çagan Irmak,"['Çetin Tekindor', 'Fikret Kuskan', 'Hümeyra', 'Ege Tanman']"
163,There Will Be Blood,2007,R,['Drama            '],158,8.2,93,"587,284",$40.22M,Paul Thomas Anderson,"['Daniel Day-Lewis', 'Paul Dano', 'Ciarán Hinds', 'Martin Stringer']"
164,Pan's Labyrinth,2006,R,"['Drama', ' Fantasy', ' War            ']",118,8.2,98,"669,877",$37.63M,Guillermo del Toro,"['Ivana Baquero', 'Ariadna Gil', 'Sergi López', 'Maribel Verdú']"
165,V for Vendetta,2005,R,"['Action', ' Drama', ' Sci-Fi            ']",132,8.2,62,"1,121,869",$70.51M,James McTeigue,"['Hugo Weaving', 'Natalie Portman', 'Rupert Graves', 'Stephen Rea']"
166,Batman Begins,2005,PG-13,"['Action', ' Crime', ' Drama            ']",140,8.2,70,"1,468,142",$206.85M,Christopher Nolan,"['Christian Bale', 'Michael Caine', 'Ken Watanabe', 'Liam Neeson']"
167,"Swades: We, the People",2004,---,"['Drama', ' Musical            ']",210,8.2,^^^^^^,"91,375",$1.22M,Ashutosh Gowariker,"['Shah Rukh Khan', 'Gayatri Joshi', 'Kishori Ballal', 'Smith Seth']"
168,Der Untergang,2004,R,"['Biography', ' Drama', ' History            ']",156,8.2,82,"356,794",$5.51M,Oliver Hirschbiegel,"['Bruno Ganz', 'Alexandra Maria Lara', 'Ulrich Matthes', 'Juliane Köhler']"
169,Hauru no ugoku shiro,2004,PG,"['Animation', ' Adventure', ' Family            ']",119,8.2,80,"395,910",$4.71M,Hayao Miyazaki,"['Chieko Baishô', 'Takuya Kimura', 'Tatsuya Gashûin', 'Akihiro Miwa']"
170,A Beautiful Mind,2001,PG-13,"['Biography', ' Drama            ']",135,8.2,72,"932,355",$170.74M,Ron Howard,"['Russell Crowe', 'Ed Harris', 'Jennifer Connelly', 'Christopher Plummer']"
171,Kill Bill: Vol. 1,2003,R,"['Action', ' Crime', ' Drama            ']",111,8.2,69,"1,114,411",$70.10M,Quentin Tarantino,"['Uma Thurman', 'David Carradine', 'Daryl Hannah', 'Michael Madsen']"
172,Finding Nemo,2003,---,"['Animation', ' Adventure', ' Comedy            ']",100,8.2,90,"1,042,687",$380.84M,"Directors:Andrew Stanton, Lee Unkrich","['Albert Brooks', 'Ellen DeGeneres', 'Alexander Gould', 'Willem Dafoe']"
173,Snatch,2000,R,"['Comedy', ' Crime            ']",104,8.2,55,"856,114",$30.33M,Guy Ritchie,"['Jason Statham', 'Brad Pitt', 'Stephen Graham', 'Vinnie Jones']"
174,The Sixth Sense,1999,PG-13,"['Drama', ' Mystery', ' Thriller            ']",107,8.2,64,"991,721",$293.51M,M. Night Shyamalan,"['Bruce Willis', 'Haley Joel Osment', 'Toni Collette', 'Olivia Williams']"
175,"Lock, Stock and Two Smoking Barrels",1998,R,"['Action', ' Comedy', ' Crime            ']",107,8.2,66,"583,091",$3.90M,Guy Ritchie,"['Jason Flemyng', 'Dexter Fletcher', 'Nick Moran', 'Jason Statham']"
176,The Truman Show,1998,PG,"['Comedy', ' Drama            ']",103,8.2,90,"1,079,208",$125.62M,Peter Weir,"['Jim Carrey', 'Ed Harris', 'Laura Linney', 'Noah Emmerich']"
177,L.A. Confidential,1997,R,"['Crime', ' Drama', ' Mystery            ']",138,8.2,90,"583,912",$64.62M,Curtis Hanson,"['Kevin Spacey', 'Russell Crowe', 'Guy Pearce', 'Kim Basinger']"
178,Bacheha-Ye aseman,1997,PG,"['Drama', ' Family', ' Sport            ']",89,8.2,77,"75,402",$0.93M,Majid Majidi,"['Mohammad Amir Naji', 'Amir Farrokh Hashemian', 'Bahare Seddiqi', 'Nafise Jafar-Mohammadi']"
179,Casino,1995,R,"['Crime', ' Drama            ']",178,8.2,73,"520,990",$42.44M,Martin Scorsese,"['Robert De Niro', 'Sharon Stone', 'Joe Pesci', 'James Woods']"
180,Jurassic Park,1993,PG-13,"['Action', ' Adventure', ' Sci-Fi            ']",127,8.2,68,"987,303",$402.45M,Steven Spielberg,"['Sam Neill', 'Laura Dern', 'Jeff Goldblum', 'Richard Attenborough']"
181,Unforgiven,1992,R,"['Drama', ' Western            ']",130,8.2,85,"413,166",$101.16M,Clint Eastwood,"['Clint Eastwood', 'Gene Hackman', 'Morgan Freeman', 'Richard Harris']"
182,Indiana Jones and the Last Crusade,1989,PG-13,"['Action', ' Adventure            ']",127,8.2,65,"754,895",$197.17M,Steven Spielberg,"['Harrison Ford', 'Sean Connery', 'Alison Doody', 'Denholm Elliott']"
183,Die Hard,1988,---,"['Action', ' Thriller            ']",132,8.2,72,"876,954",$83.01M,John McTiernan,"['Bruce Willis', 'Alan Rickman', 'Bonnie Bedelia', 'Reginald VelJohnson']"
184,Ran,1985,---,"['Action', ' Drama', ' War            ']",162,8.2,96,"126,516",$4.14M,Akira Kurosawa,"['Tatsuya Nakadai', 'Akira Terao', 'Jinpachi Nezu', 'Daisuke Ryû']"
185,The Thing,1982,---,"['Horror', ' Mystery', ' Sci-Fi            ']",109,8.2,57,"426,483",$13.78M,John Carpenter,"['Kurt Russell', 'Wilford Brimley', 'Keith David', 'Richard Masur']"
186,Raging Bull,1980,---,"['Biography', ' Drama', ' Sport            ']",129,8.2,89,"355,267",$23.38M,Martin Scorsese,"['Robert De Niro', 'Cathy Moriarty', 'Joe Pesci', 'Frank Vincent']"
187,The Elephant Man,1980,---,"['Biography', ' Drama            ']",124,8.2,78,"242,428",#155,David Lynch,"['Anthony Hopkins', 'John Hurt', 'Anne Bancroft', 'John Gielgud']"
188,Taxi Driver,1976,---,"['Crime', ' Drama            ']",114,8.2,94,"831,844",$28.26M,Martin Scorsese,"['Robert De Niro', 'Jodie Foster', 'Cybill Shepherd', 'Albert Brooks']"
189,Monty Python and the Holy Grail,1975,---,"['Adventure', ' Comedy', ' Fantasy            ']",91,8.2,91,"542,495",$1.23M,"Directors:Terry Gilliam, Terry Jones","['Graham Chapman', 'John Cleese', 'Eric Idle', 'Terry Gilliam']"
190,Dersu Uzala,1975,---,"['Adventure', ' Biography', ' Drama            ']",142,8.2,^^^^^^,"30,298",#246,Akira Kurosawa,"['Maksim Munzuk', 'Yuriy Solomin', 'Mikhail Bychkov', 'Vladimir Khrulyov']"
191,Chinatown,1974,---,"['Drama', ' Mystery', ' Thriller            ']",130,8.2,92,"327,839",$8.49M,Roman Polanski,"['Jack Nicholson', 'Faye Dunaway', 'John Huston', 'Perry Lopez']"
192,Z,1969,M/PG,"['Crime', ' Drama', ' Thriller            ']",127,8.2,86,"29,239",$0.08M,Costa-Gavras,"['Yves Montand', 'Irene Papas', 'Jean-Louis Trintignant', 'François Périer']"
193,Per qualche dollaro in più,1965,R,['Western            '],132,8.2,74,"257,799",$15.00M,Sergio Leone,"['Clint Eastwood', 'Lee Van Cleef', 'Gian Maria Volontè', 'Mara Krupp']"
194,The Great Escape,1963,---,"['Adventure', ' Drama', ' History            ']",172,8.2,86,"245,530",$12.10M,John Sturges,"['Steve McQueen', 'James Garner', 'Richard Attenborough', 'Charles Bronson']"
195,Yôjinbô,1961,---,"['Action', ' Drama', ' Thriller            ']",110,8.2,93,"123,744",#144,Akira Kurosawa,"['Toshirô Mifune', 'Eijirô Tôno', 'Tatsuya Nakadai', 'Yôko Tsukasa']"
196,Some Like It Hot,1959,---,"['Comedy', ' Music', ' Romance            ']",121,8.2,98,"268,276",$25.00M,Billy Wilder,"['Marilyn Monroe', 'Tony Curtis', 'Jack Lemmon', 'George Raft']"
197,The Bridge on the River Kwai,1957,PG,"['Adventure', ' Drama', ' War            ']",161,8.2,87,"221,818",$44.91M,David Lean,"['William Holden', 'Alec Guinness', 'Jack Hawkins', 'Sessue Hayakawa']"
198,Dial M for Murder,1954,---,"['Crime', ' Thriller            ']",105,8.2,75,"176,970",$0.01M,Alfred Hitchcock,"['Ray Milland', 'Grace Kelly', 'Robert Cummings', 'John Williams']"
199,Tôkyô monogatari,1953,---,['Drama            '],136,8.2,^^^^^^,"62,428",#208,Yasujirô Ozu,"['Chishû Ryû', 'Chieko Higashiyama', 'Sô Yamamura', 'Setsuko Hara']"
200,Le salaire de la peur,1953,---,"['Adventure', ' Drama', ' Thriller            ']",131,8.2,85,"61,847",#192,Henri-Georges Clouzot,"['Yves Montand', 'Charles Vanel', 'Peter van Eyck', 'Folco Lulli']"
201,Umberto D.,1952,---,['Drama            '],89,8.2,92,"26,216",$0.07M,Vittorio De Sica,"['Carlo Battisti', 'Maria Pia Casilio', 'Lina Gennari', 'Ileana Simova']"
202,Rashômon,1950,---,"['Crime', ' Drama', ' Mystery            ']",88,8.2,98,"169,528",$0.10M,Akira Kurosawa,"['Toshirô Mifune', 'Machiko Kyô', 'Masayuki Mori', 'Takashi Shimura']"
203,All About Eve,1950,---,['Drama            '],138,8.2,98,"132,136",$0.01M,Joseph L. Mankiewicz,"['Bette Davis', 'Anne Baxter', 'George Sanders', 'Celeste Holm']"
204,The Treasure of the Sierra Madre,1948,---,"['Adventure', ' Drama', ' Western            ']",126,8.2,98,"125,756",$5.01M,John Huston,"['Humphrey Bogart', 'Walter Huston', 'Tim Holt', 'Bruce Bennett']"
205,To Be or Not to Be,1942,---,"['Comedy', ' Romance', ' War            ']",99,8.2,86,"38,016",#228,Ernst Lubitsch,"['Carole Lombard', 'Jack Benny', 'Robert Stack', 'Felix Bressart']"
206,Gone with the Wind,1939,---,"['Drama', ' Romance', ' War            ']",238,8.2,97,"316,589",$198.68M,"Directors:Victor Fleming, George Cukor, Sam Wood","['Clark Gable', 'Vivien Leigh', 'Thomas Mitchell', ""Barbara O'Neil""]"
207,La passion de Jeanne d'Arc,1928,---,"['Biography', ' Drama', ' History            ']",110,8.2,^^^^^^,"55,537",$0.02M,Carl Theodor Dreyer,"['Maria Falconetti', 'Eugene Silvain', 'André Berley', 'Maurice Schutz']"
208,The General,1926,---,"['Action', ' Adventure', ' Comedy            ']",67,8.2,^^^^^^,"92,214",$1.03M,"Directors:Clyde Bruckman, Buster Keaton","['Buster Keaton', 'Marion Mack', 'Glen Cavender', 'Jim Farley']"
209,The Gold Rush,1925,---,"['Adventure', ' Comedy', ' Drama            ']",95,8.2,^^^^^^,"112,148",$5.45M,Charles Chaplin,"['Charles Chaplin', 'Mack Swain', 'Tom Murray', 'Henry Bergman']"
210,Sherlock Jr.,1924,---,"['Action', ' Comedy', ' Romance            ']",45,8.2,^^^^^^,"50,735",$0.98M,Buster Keaton,"['Buster Keaton', 'Kathryn McGuire', 'Joe Keaton', 'Erwin Connelly']"
211,Portrait de la jeune fille en feu,2019,R,"['Drama', ' Romance            ']",122,8.1,95,"92,663",$3.76M,Céline Sciamma,"['Noémie Merlant', 'Adèle Haenel', 'Luàna Bajrami', 'Valeria Golino']"
212,Everything Everywhere All at Once,2022,R,"['Action', ' Adventure', ' Comedy            ']",139,8.1,81,"251,902",#245,"Directors:Dan Kwan, Daniel Scheinert","['Michelle Yeoh', 'Stephanie Hsu', 'Jamie Lee Curtis', 'Ke Huy Quan']"
213,Pink,III 2016,---,"['Crime', ' Drama', ' Thriller            ']",136,8.1,^^^^^^,"45,622",$1.24M,Aniruddha Roy Chowdhury,"['Amitabh Bachchan', 'Taapsee Pannu', 'Kirti Kulhari', 'Andrea Tariang']"
214,Koe no katachi,2016,---,"['Animation', ' Drama            ']",130,8.1,78,"82,766",*****,Naoko Yamada,"['Miyu Irino', 'Saori Hayami', 'Aoi Yûki', 'Kenshô Ono']"
215,"Three Billboards Outside Ebbing, Missouri",2017,R,"['Comedy', ' Crime', ' Drama            ']",115,8.1,88,"507,226",$54.51M,Martin McDonagh,"['Frances McDormand', 'Woody Harrelson', 'Sam Rockwell', 'Caleb Landry Jones']"
216,Talvar,2015,---,"['Crime', ' Drama', ' Mystery            ']",132,8.1,^^^^^^,"35,829",$0.34M,Meghna Gulzar,"['Irrfan Khan', 'Konkona Sen Sharma', 'Neeraj Kabi', 'Sohum Shah']"
217,Klaus,2019,PG,"['Animation', ' Adventure', ' Comedy            ']",96,8.1,65,"152,317",#190,"Directors:Sergio Pablos, Carlos Martínez López","['Jason Schwartzman', 'J.K. Simmons', 'Rashida Jones', 'Will Sasso']"
218,Masaan,2015,---,['Drama            '],109,8.1,^^^^^^,"28,490",*****,Neeraj Ghaywan,"['Richa Chadha', 'Sanjay Mishra', 'Vicky Kaushal', 'Pankaj Tripathi']"
219,Ah-ga-ssi,2016,---,"['Drama', ' Romance', ' Thriller            ']",145,8.1,84,"148,528",$2.01M,Park Chan-wook,"['Kim Min-hee', 'Ha Jung-woo', 'Cho Jin-woong', 'Moon So-ri']"
220,Bajrangi Bhaijaan,2015,---,"['Action', ' Adventure', ' Comedy            ']",163,8.1,^^^^^^,"89,082",$8.18M,Kabir Khan,"['Salman Khan', 'Harshaali Malhotra', 'Nawazuddin Siddiqui', 'Kareena Kapoor']"
221,Queen,2013,---,"['Adventure', ' Comedy', ' Drama            ']",146,8.1,^^^^^^,"66,235",$1.43M,Vikas Bahl,"['Kangana Ranaut', 'Rajkummar Rao', 'Lisa Haydon', 'Jeffrey Ho']"
222,Logan,2017,R,"['Action', ' Drama', ' Sci-Fi            ']",137,8.1,77,"762,578",$226.28M,James Mangold,"['Hugh Jackman', 'Patrick Stewart', 'Dafne Keen', 'Boyd Holbrook']"
223,Room,I 2015,R,"['Drama', ' Thriller            ']",118,8.1,86,"421,611",$14.68M,Lenny Abrahamson,"['Brie Larson', 'Jacob Tremblay', 'Sean Bridgers', 'Wendy Crewson']"
224,Relatos salvajes,2014,R,"['Comedy', ' Drama', ' Thriller            ']",122,8.1,77,"199,394",$3.11M,Damián Szifron,"['Darío Grandinetti', 'María Marull', 'Mónica Villa', 'Diego Starosta']"
225,Mandariinid,2013,---,"['Drama', ' War            ']",87,8.1,73,"46,677",$0.14M,Zaza Urushadze,"['Lembit Ulfsak', 'Elmo Nüganen', 'Giorgi Nakashidze', 'Misha Meskhi']"
226,Kis Uykusu,2014,---,['Drama            '],196,8.1,88,"52,083",$0.17M,Nuri Bilge Ceylan,"['Haluk Bilginer', 'Melisa Sözen', 'Demet Akbag', 'Ayberk Pekcan']"
227,PK,2014,---,"['Comedy', ' Drama', ' Sci-Fi            ']",153,8.1,^^^^^^,"189,022",$10.62M,Rajkumar Hirani,"['Aamir Khan', 'Anushka Sharma', 'Sanjay Dutt', 'Boman Irani']"
228,OMG: Oh My God!,2012,---,"['Comedy', ' Drama', ' Fantasy            ']",125,8.1,^^^^^^,"59,537",$0.92M,Umesh Shukla,"['Paresh Rawal', 'Akshay Kumar', 'Mithun Chakraborty', 'Mahesh Manjrekar']"
229,The Grand Budapest Hotel,2014,R,"['Adventure', ' Comedy', ' Crime            ']",99,8.1,88,"808,748",$59.10M,Wes Anderson,"['Ralph Fiennes', 'F. Murray Abraham', 'Mathieu Amalric', 'Adrien Brody']"
230,Gone Girl,2014,R,"['Drama', ' Mystery', ' Thriller            ']",149,8.1,79,"981,405",$167.77M,David Fincher,"['Ben Affleck', 'Rosamund Pike', 'Neil Patrick Harris', 'Tyler Perry']"
231,Ôkami kodomo no Ame to Yuki,2012,PG,"['Animation', ' Drama', ' Family            ']",117,8.1,71,"45,461",*****,Mamoru Hosoda,"['Aoi Miyazaki', 'Takao Osawa', 'Haru Kuroki', 'Yukito Nishii']"
232,Hacksaw Ridge,2016,R,"['Biography', ' Drama', ' History            ']",139,8.1,71,"525,766",$67.21M,Mel Gibson,"['Andrew Garfield', 'Sam Worthington', 'Luke Bracey', 'Teresa Palmer']"
233,Barfi!,2012,---,"['Comedy', ' Drama', ' Romance            ']",151,8.1,^^^^^^,"82,654",$2.80M,Anurag Basu,"['Ranbir Kapoor', 'Priyanka Chopra Jonas', ""Ileana D'Cruz"", 'Saurabh Shukla']"
234,12 Years a Slave,2013,R,"['Biography', ' Drama', ' History            ']",134,8.1,96,"701,483",$56.67M,Steve McQueen,"['Chiwetel Ejiofor', 'Michael Kenneth Williams', 'Michael Fassbender', 'Brad Pitt']"
235,Rush,I 2013,R,"['Action', ' Biography', ' Drama            ']",123,8.1,74,"480,814",$26.95M,Ron Howard,"['Daniel Brühl', 'Chris Hemsworth', 'Olivia Wilde', 'Alexandra Maria Lara']"
236,Ford v Ferrari,2019,PG-13,"['Action', ' Biography', ' Drama            ']",152,8.1,81,"393,625",$117.62M,James Mangold,"['Matt Damon', 'Christian Bale', 'Jon Bernthal', 'Caitríona Balfe']"
237,Spotlight,I 2015,R,"['Biography', ' Crime', ' Drama            ']",129,8.1,93,"470,693",$45.06M,Tom McCarthy,"['Mark Ruffalo', 'Michael Keaton', 'Rachel McAdams', 'Liev Schreiber']"
238,Kahaani,2012,---,"['Mystery', ' Thriller            ']",122,8.1,^^^^^^,"63,337",$1.04M,Sujoy Ghosh,"['Vidya Balan', 'Parambrata Chattopadhyay', 'Indraneil Sengupta', 'Nawazuddin Siddiqui']"
239,Udaan,2010,---,['Drama            '],134,8.1,^^^^^^,"45,390",$0.01M,Vikramaditya Motwane,"['Rajat Barmecha', 'Ronit Roy', 'Manjot Singh', 'Ram Kapoor']"
240,The Help,2011,PG-13,['Drama            '],146,8.1,62,"460,314",$169.71M,Tate Taylor,"['Viola Davis', 'Emma Stone', 'Octavia Spencer', 'Bryce Dallas Howard']"
241,Prisoners,2013,R,"['Crime', ' Drama', ' Mystery            ']",153,8.1,70,"712,133",$61.00M,Denis Villeneuve,"['Hugh Jackman', 'Jake Gyllenhaal', 'Viola Davis', 'Melissa Leo']"
242,Mad Max: Fury Road,2015,R,"['Action', ' Adventure', ' Sci-Fi            ']",120,8.1,90,"1,001,193",$154.06M,George Miller,"['Tom Hardy', 'Charlize Theron', 'Nicholas Hoult', 'Zoë Kravitz']"
243,A Wednesday,2008,---,"['Action', ' Crime', ' Drama            ']",104,8.1,^^^^^^,"79,161",*****,Neeraj Pandey,"['Anupam Kher', 'Naseeruddin Shah', 'Veerendra Saxena', 'Mahesh Kanual']"
244,Gran Torino,2008,R,['Drama            '],116,8.1,72,"776,365",$148.10M,Clint Eastwood,"['Clint Eastwood', 'Bee Vang', 'Christopher Carley', 'Ahney Her']"
245,Harry Potter and the Deathly Hallows - Part 2,2011,PG-13,"['Adventure', ' Family', ' Fantasy            ']",130,8.1,85,"874,140",$381.01M,David Yates,"['Daniel Radcliffe', 'Emma Watson', 'Rupert Grint', 'Michael Gambon']"
246,Article 15,2019,---,"['Crime', ' Drama', ' Mystery            ']",130,8.1,^^^^^^,"34,159",*****,Anubhav Sinha,"['Ayushmann Khurrana', 'Nassar', 'Manoj Pahwa', 'Kumud Mishra']"
247,Hachi: A Dog's Tale,2009,---,"['Biography', ' Drama', ' Family            ']",93,8.1,^^^^^^,"286,166",#230,Lasse Hallström,"['Richard Gere', 'Joan Allen', 'Cary-Hiroyuki Tagawa', 'Sarah Roemer']"
248,Mary and Max.,2009,---,"['Animation', ' Comedy', ' Drama            ']",92,8.1,^^^^^^,"178,064",#201,Adam Elliot,"['Toni Collette', 'Philip Seymour Hoffman', 'Eric Bana', 'Barry Humphries']"
249,How to Train Your Dragon,2010,PG,"['Animation', ' Action', ' Adventure            ']",98,8.1,75,"740,221",$217.58M,"Directors:Dean DeBlois, Chris Sanders","['Jay Baruchel', 'Gerard Butler', 'Christopher Mintz-Plasse', 'Craig Ferguson']"
